"SUID","BH","name","selected","shared name","uidA","uidB"
"72","0.347415066469719","PIWIL1","false","PIWIL1","A0A024RBS5",""
"73","1.0","UTP20","false","UTP20","","O75691"
"74","0.531782945736434","SPIRE1","false","SPIRE1","","Q08AE8"
"75","1.0","EPHA7","false","EPHA7","Q15375","Q15375"
"76","0.182835820895522","NRXN2","false","NRXN2","","Q9P2S2"
"77","0.303875968992248","DDX60","false","DDX60","Q8IY21",""
"78","1.0","TJP2","false","TJP2","Q9UDY2",""
"79","1.0","RNF10","false","RNF10","A0A024RBP0",""
"80","0.512418300653595","NISCH","false","NISCH","Q9Y2I1","Q9Y2I1"
"81","0.890909090909091","CDADC1","false","CDADC1","Q9BWV3",""
"82","0.00450255102040816","AKAP6","false","AKAP6","Q13023",""
"83","0.00450255102040816","WDR34","false","WDR34","Q96EX3","Q96EX3"
"84","0.209625668449198","ABCG1","false","ABCG1","P45844","P45844"
"85","1.0","ATCAY","false","ATCAY","A0A0S2Z5T8","A0A0S2Z5T8"
"86","0.408333333333333","WDR17","false","WDR17","","Q8IZU2"
"87","0.0464454976303318","MTSS1","false","MTSS1","O43312",""
"88","0.0464454976303318","DLGAP5","false","DLGAP5","Q15398",""
"89","1.0","WDR74","false","WDR74","Q6RFH5",""
"90","1.0","CADPS","false","CADPS","Q9ULU8","Q9ULU8"
"91","1.0","UACA","false","UACA","Q9BZF9",""
"92","0.626044226044226","ZNF79","false","ZNF79","Q15937",""
"93","0.729302325581395","PPP2R2C","false","PPP2R2C","","Q9Y2T4"
"94","1.0","IL12RB2","false","IL12RB2","","Q99665"
"95","1.0","IL12RB1","false","IL12RB1","P42701",""
"96","0.812094064949608","SLC5A6","false","SLC5A6","","Q9Y289"
"97","0.00450255102040816","N4BP1","false","N4BP1","","O75113"
"98","1.0","LCP1","false","LCP1","A0A024RDT4","A0A024RDT4"
"99","1.0","ANKS1B","false","ANKS1B","","Q7Z6G8"
"100","0.151059730250482","ABAT","false","ABAT","P80404","P80404"
"101","1.0","HAUS3","false","HAUS3","","Q68CZ6"
"102","1.0","ARHGEF5","false","ARHGEF5","","Q12774"
"103","0.454570259208731","TRIM10","false","TRIM10","Q9UDY6","Q9UDY6"
"104","0.408333333333333","LOXL3","false","LOXL3","","P58215"
"105","1.0","KCNJ8","false","KCNJ8","A0A024RAV6","A0A024RAV6"
"106","0.182835820895522","PLEKHA3","false","PLEKHA3","Q9HB20","Q9HB20"
"107","1.0","EPN3","false","EPN3","","Q9H201"
"108","0.954611398963731","ARID1B","false","ARID1B","Q8NFD5","Q8NFD5"
"109","0.492592592592593","C10orf90","false","C10orf90","","Q96M02"
"110","0.0464454976303318","FAXC","false","FAXC","Q5TGI0","Q5TGI0"
"111","0.258745874587459","ZNF521","false","ZNF521","Q96K83",""
"112","0.0464454976303318","DAAM1","false","DAAM1","Q9Y4D1","Q9Y4D1"
"113","0.151059730250482","OTUD7B","false","OTUD7B","Q6GQQ9","Q6GQQ9"
"114","0.454570259208731","TM2D2","false","TM2D2","Q9BX73",""
"115","1.0","SCAP","false","SCAP","Q12770","Q12770"
"116","1.0","BCKDHA","false","BCKDHA","","A0A024R0K3"
"117","0.430769230769231","GREB1L","false","GREB1L","","Q9C091"
"118","0.569191919191919","ZNF766","false","ZNF766","","Q5HY98"
"119","0.325188536953243","ZNF829","false","ZNF829","","Q3KNS6"
"120","1.0","CHL1","false","CHL1","","O00533"
"121","1.0","PARVB","false","PARVB","Q9HBI1",""
"122","1.0","IFRD2","false","IFRD2","","Q12894"
"123","0.00450255102040816","TRIP4","false","TRIP4","","Q15650"
"124","1.0","PHPT1","false","PHPT1","","Q9NRX4"
"125","0.512418300653595","AMELX","false","AMELX","Q99217","Q99217"
"126","0.209625668449198","SCAMP1","false","SCAMP1","O15126","O15126"
"127","1.0","MAPK15","false","MAPK15","Q8TD08","Q8TD08"
"128","0.954611398963731","GGT6","false","GGT6","Q6P531","Q6P531"
"129","0.00450255102040816","DGCR2","false","DGCR2","","P98153"
"130","0.0854030501089325","RNF133","false","RNF133","Q8WVZ7",""
"131","1.0","DDX10","false","DDX10","","Q13206"
"132","0.777777777777778","KLHL5","false","KLHL5","Q96PQ7",""
"133","0.151059730250482","ABCC2","false","ABCC2","Q92887",""
"134","0.387023977433004","AGPS","false","AGPS","","O00116"
"135","0.930379746835443","HHIP","false","HHIP","Q96QV1","Q96QV1"
"136","0.347415066469719","STK38L","false","STK38L","Q9Y2H1","Q9Y2H1"
"137","0.472922252010724","CDYL2","false","CDYL2","Q8N8U2",""
"138","0.182835820895522","NOL9","false","NOL9","Q5SY16",""
"139","0.00450255102040816","ALDOB","false","ALDOB","A0A024R145","A0A024R145"
"140","0.979001019367992","MKI67","false","MKI67","P46013","P46013"
"141","0.387023977433004","N4BP2","false","N4BP2","","Q86UW6"
"142","0.918423855165069","TNRC18","false","TNRC18","O15417",""
"143","0.0464454976303318","PRPS2","false","PRPS2","P11908","P11908"
"144","0.918423855165069","APLP1","false","APLP1","P51693","P51693"
"145","0.860592755214051","PLXND1","false","PLXND1","","Q9Y4D7"
"146","0.325188536953243","RPS6KA2","false","RPS6KA2","Q15349","Q15349"
"147","0.569191919191919","ATF6B","false","ATF6B","Q99941",""
"148","0.00450255102040816","KIAA1109","false","KIAA1109","Q2LD37",""
"149","1.0","PHF20","false","PHF20","","Q9BVI0"
"150","1.0","C22orf39","false","C22orf39","Q6P5X5",""
"151","0.905263157894737","HOXD10","false","HOXD10","","P28358"
"152","1.0","LRRC7","false","LRRC7","Q96NW7","Q96NW7"
"153","0.370348837209302","BPTF","false","BPTF","","Q12830"
"154","0.0854030501089325","PHLDB2","false","PHLDB2","Q86SQ0","Q86SQ0"
"155","0.472922252010724","RPS6KC1","false","RPS6KC1","F6RJM5","F6RJM5"
"156","1.0","EPHA1","false","EPHA1","","P21709"
"157","1.0","HR","false","HR","O43593",""
"158","1.0","CLIP3","false","CLIP3","Q96DZ5",""
"159","1.0","TSC22D2","false","TSC22D2","O75157",""
"160","0.718203309692671","ATAD3B","false","ATAD3B","Q5T9A4",""
"161","1.0","PHRF1","false","PHRF1","Q9P1Y6",""
"162","0.370348837209302","YBX3","false","YBX3","A0A024RAV4",""
"163","1.0","BMPR2","false","BMPR2","Q13873","Q13873"
"164","0.729302325581395","TECPR2","false","TECPR2","O15040",""
"165","0.777777777777778","SUGP2","false","SUGP2","","Q8IX01"
"166","1.0","TIMM10","false","TIMM10","P62072",""
"167","0.607940446650124","ALG13","false","ALG13","","Q9NP73"
"168","0.00450255102040816","CDKL2","false","CDKL2","A0A140VJG1","A0A140VJG1"
"169","0.00450255102040816","OBSL1","false","OBSL1","O75147",""
"170","0.701670644391408","GAB3","false","GAB3","Q8WWW8",""
"171","1.0","HSD3B2","false","HSD3B2","P26439","P26439"
"172","1.0","MYOG","false","MYOG","P15173",""
"173","0.492592592592593","NOD1","false","NOD1","","A0A024RA73"
"174","0.793700787401575","CPA2","false","CPA2","","P48052"
"175","0.718203309692671","ARHGEF40","false","ARHGEF40","Q8TER5",""
"176","0.954611398963731","MMADHC","false","MMADHC","Q9H3L0",""
"177","0.387023977433004","FBXO10","false","FBXO10","","Q9UK96"
"178","0.512418300653595","EXD3","false","EXD3","A0A140VJP9","A0A140VJP9"
"179","0.746020761245675","SDC1","false","SDC1","P18827","P18827"
"180","1.0","BCAP29","false","BCAP29","Q9UHQ4",""
"181","0.918423855165069","DFFB","false","DFFB","Q96P73","Q96P73"
"182","0.258745874587459","MYBPH","false","MYBPH","Q13203",""
"183","1.0","MARCH2","false","MARCH2","Q9P0N8",""
"184","1.0","TOM1","false","TOM1","O60784","O60784"
"185","0.00450255102040816","WIPI2","false","WIPI2","A0A024R823",""
"186","0.729302325581395","SAMD11","false","SAMD11","","Q96NU1"
"187","0.777777777777778","CIT","false","CIT","","O14578"
"188","1.0","KIF14","false","KIF14","Q15058",""
"189","1.0","HELZ","false","HELZ","","P42694"
"190","1.0","ERF","false","ERF","A0A024R0L4",""
"191","1.0","CHD7","false","CHD7","","Q9P2D1"
"192","0.347415066469719","SUPT6H","false","SUPT6H","","Q7KZ85"
"193","0.209625668449198","JDP2","false","JDP2","A0A024R6D7",""
"194","1.0","SKAP2","false","SKAP2","O75563","O75563"
"195","0.387023977433004","RECQL5","false","RECQL5","A0A024R8M9","A0A024R8M9"
"196","0.746020761245675","URGCP","false","URGCP","","Q8TCY9"
"197","0.492592592592593","CYP4F11","false","CYP4F11","Q9HBI6",""
"198","0.0854030501089325","AAK1","false","AAK1","Q2M2I8","Q2M2I8"
"199","1.0","AGO1","false","AGO1","Q9UL18",""
"200","0.209625668449198","GC","false","GC","","P02774"
"201","0.0854030501089325","MYO16","false","MYO16","Q9Y6X6","Q9Y6X6"
"202","0.0854030501089325","TENM4","false","TENM4","","Q6N022"
"203","1.0","ATP1B2","false","ATP1B2","P14415",""
"204","0.492592592592593","BOD1L1","false","BOD1L1","Q8NFC6",""
"205","0.118787878787879","TNXB","false","TNXB","P22105","P22105"
"206","0.830323299888517","PCOLCE","false","PCOLCE","Q15113",""
"207","0.303875968992248","EGFL7","false","EGFL7","A0A024R8F5",""
"208","0.347415066469719","DOCK4","false","DOCK4","","Q8N1I0"
"209","0.0464454976303318","PI4KA","false","PI4KA","","P42356"
"210","0.0464454976303318","STRN4","false","STRN4","Q9NRL3","Q9NRL3"
"211","1.0","CAPG","false","CAPG","P40121",""
"212","0.387023977433004","CCNL1","false","CCNL1","Q9UK58","Q9UK58"
"213","0.0464454976303318","NPRL3","false","NPRL3","Q9BTE2","Q12980"
"214","1.0","MKRN2","false","MKRN2","","Q9H000"
"215","0.325188536953243","BTBD6","false","BTBD6","Q96KE9",""
"216","0.209625668449198","MYH8","false","MYH8","P13535",""
"217","0.258745874587459","ACSL1","false","ACSL1","P33121","P33121"
"218","0.00450255102040816","MYOM1","false","MYOM1","P52179","P52179"
"219","0.979001019367992","MYL2","false","MYL2","P10916","P10916"
"220","0.0464454976303318","APBB2","false","APBB2","Q92870",""
"221","1.0","VPS53","false","VPS53","Q5VIR6",""
"222","0.00450255102040816","ITPRIPL1","false","ITPRIPL1","Q6GPH6",""
"223","1.0","GGA3","false","GGA3","Q9NZ52","Q9NZ52"
"224","0.00450255102040816","ALS2","false","ALS2","Q96Q42",""
"225","0.182835820895522","COPZ2","false","COPZ2","Q9P299","Q9P299"
"226","0.209625668449198","DGKA","false","DGKA","A0A024RB23","A0A024RB23"
"227","1.0","CD164","false","CD164","","Q04900"
"228","0.00450255102040816","DGKD","false","DGKD","A0A024R495","A0A024R495"
"229","0.347415066469719","VWA7","false","VWA7","Q9Y334",""
"230","1.0","NADSYN1","false","NADSYN1","Q6IA69","Q6IA69"
"231","0.00450255102040816","TBX5","false","TBX5","Q99593","Q99593"
"232","0.0464454976303318","DGUOK","false","DGUOK","E5KSL5","E5KSL5"
"233","0.860592755214051","ERP29","false","ERP29","P30040","P30040"
"234","0.370348837209302","PCDHA10","false","PCDHA10","Q9Y5I2","Q9Y5I2"
"235","0.0464454976303318","FLYWCH1","false","FLYWCH1","Q4VC44",""
"236","1.0","ZNF746","false","ZNF746","Q6NUN9",""
"237","0.765097588978186","JMJD1C","false","JMJD1C","Q15652",""
"238","0.0854030501089325","KDM6B","false","KDM6B","","O15054"
"239","0.23573883161512","EZR","false","EZR","","P15311"
"240","0.860592755214051","CNGA2","false","CNGA2","Q16280","Q16280"
"241","0.00450255102040816","MYO1G","false","MYO1G","B0I1T2",""
"242","0.993914807302231","SNX9","false","SNX9","","Q9Y5X1"
"243","0.454570259208731","KLHL29","false","KLHL29","","Q96CT2"
"244","1.0","NPHP3","false","NPHP3","Q7Z494",""
"245","1.0","CALCRL","false","CALCRL","Q16602","Q16602"
"246","0.701670644391408","GSE1","false","GSE1","Q14687","Q14687"
"247","0.00450255102040816","PCSK5","false","PCSK5","Q92824","Q92824"
"248","0.00450255102040816","FRY","false","FRY","Q5TBA9","Q5TBA9"
"249","1.0","TOM1L1","false","TOM1L1","O75674","O75674"
"250","0.531782945736434","KIAA1211","false","KIAA1211","","Q6ZU35"
"251","0.945073375262054","ZHX1","false","ZHX1","","A0A024R9F1"
"252","1.0","BICD1","false","BICD1","Q96G01",""
"253","0.531782945736434","TTC21B","false","TTC21B","","Q7Z4L5"
"254","0.918423855165069","IFT140","false","IFT140","Q96RY7",""
"255","1.0","TLK2","false","TLK2","J3QLK5","Q86UE8"
"256","0.347415066469719","ZNF224","false","ZNF224","Q9NZL3","Q9NZL3"
"257","0.118787878787879","NIN","false","NIN","Q8N4C6","Q8N4C6"
"258","0.0464454976303318","JAG2","false","JAG2","Q9Y219",""
"259","0.303875968992248","ZC3H14","false","ZC3H14","Q6PJT7",""
"260","0.00450255102040816","FAM135B","false","FAM135B","Q49AJ0","Q49AJ0"
"261","1.0","CDH12","false","CDH12","P55289","P55289"
"262","0.00450255102040816","ZNF513","false","ZNF513","","Q8N8E2"
"263","1.0","RABGAP1L","false","RABGAP1L","","Q5R372"
"264","0.118787878787879","GOLGA5","false","GOLGA5","Q8TBA6","Q8TBA6"
"265","0.492592592592593","DROSHA","false","DROSHA","","Q9NRR4"
"266","0.00450255102040816","CCM2","false","CCM2","Q9BSQ5","Q9BSQ5"
"267","1.0","PRPF4B","false","PRPF4B","","Q13523"
"268","1.0","MAK16","false","MAK16","","Q9BXY0"
"269","0.0464454976303318","SLC44A1","false","SLC44A1","A0A024R151","A0A024R151"
"270","0.0464454976303318","SEMA3A","false","SEMA3A","Q14563","Q14563"
"271","1.0","TBC1D4","false","TBC1D4","O60343",""
"272","1.0","ZNF346","false","ZNF346","","Q9UL40"
"273","0.00450255102040816","SPEN","false","SPEN","","Q96T58"
"274","0.00450255102040816","TPD52L2","false","TPD52L2","O43399","O43399"
"275","0.993914807302231","CBLC","false","CBLC","","Q9ULV8"
"276","0.930379746835443","POLRMT","false","POLRMT","O00411",""
"277","0.945073375262054","EHMT1","false","EHMT1","Q9H9B1",""
"278","1.0","FBXO31","false","FBXO31","Q5XUX0",""
"279","0.00450255102040816","CECR2","false","CECR2","Q9BXF3","Q9BXF3"
"280","1.0","CTNND1","false","CTNND1","O60716","O60716"
"281","1.0","APTX","false","APTX","Q7Z2E3",""
"282","1.0","LOXL2","false","LOXL2","Q9Y4K0",""
"283","0.860592755214051","TRIM37","false","TRIM37","","O94972"
"284","0.492592592592593","KCNJ14","false","KCNJ14","Q9UNX9","Q9UNX9"
"285","0.967901234567901","CA13","false","CA13","","Q8N1Q1"
"286","0.408333333333333","GCDH","false","GCDH","Q92947","Q92947"
"287","1.0","TEKT3","false","TEKT3","","Q9BXF9"
"288","0.00450255102040816","XPO6","false","XPO6","Q96QU8","Q96QU8"
"289","0.151059730250482","DIDO1","false","DIDO1","Q9BTC0","Q9BTC0"
"290","1.0","LCE4A","false","LCE4A","Q5TA78","Q5TA78"
"291","0.00450255102040816","ZNF233","false","ZNF233","A6NK53",""
"292","0.00450255102040816","LRRC42","false","LRRC42","Q9Y546","Q9Y546"
"293","0.282692307692308","FEZ2","false","FEZ2","","Q9UHY8"
"294","0.00450255102040816","DCXR","false","DCXR","Q7Z4W1","Q7Z4W1"
"295","1.0","BRF1","false","BRF1","","Q92994"
"296","0.646153846153846","KLK4","false","KLK4","","Q9Y5K2"
"297","0.00450255102040816","HOXA10","false","HOXA10","P31260","P31260"
"298","0.282692307692308","FEZ1","false","FEZ1","Q99689","Q99689"
"299","0.830323299888517","ZNF563","false","ZNF563","Q8TA94",""
"300","1.0","BBS12","false","BBS12","Q6ZW61",""
"301","0.118787878787879","TNFAIP1","false","TNFAIP1","Q13829","Q13829"
"302","0.00450255102040816","ITSN2","false","ITSN2","Q9NZM3","Q9NZM3"
"303","0.954611398963731","CTDSP1","false","CTDSP1","","A0A024R461"
"304","0.626044226044226","SNAI1","false","SNAI1","O95863","O95863"
"305","0.00450255102040816","PLCD1","false","PLCD1","P51178","P51178"
"306","0.00450255102040816","DALRD3","false","DALRD3","Q5D0E6",""
"307","0.0464454976303318","IGF1R","false","IGF1R","P08069","P08069"
"308","0.408333333333333","GATA4","false","GATA4","","P43694"
"309","0.00450255102040816","WWC1","false","WWC1","Q8IX03",""
"310","0.0854030501089325","MAP1S","false","MAP1S","","Q66K74"
"311","1.0","TLK1","false","TLK1","Q9UKI8","Q9UKI8"
"312","0.512418300653595","DNAH10","false","DNAH10","","Q8IVF4"
"313","1.0","PIGS","false","PIGS","","Q96S52"
"314","0.454570259208731","MYH6","false","MYH6","P13533","P13533"
"315","0.531782945736434","ZNFX1","false","ZNFX1","Q9P2E3",""
"316","0.282692307692308","TSPYL1","false","TSPYL1","","Q9H0U9"
"317","0.607940446650124","SLC27A1","false","SLC27A1","Q6PCB7","Q6PCB7"
"318","0.209625668449198","CTSK","false","CTSK","P43235","P43235"
"319","1.0","UMPS","false","UMPS","A8K5J1",""
"320","0.552820512820513","TRPM8","false","TRPM8","","Q7Z2W7"
"321","0.387023977433004","CHAMP1","false","CHAMP1","Q96JM3",""
"322","0.871583514099783","GPR156","false","GPR156","Q8NFN8",""
"323","0.182835820895522","TEX15","false","TEX15","Q9BXT5","Q9BXT5"
"324","0.00450255102040816","HMMR","false","HMMR","O75330","O75330"
"325","0.00450255102040816","BMP6","false","BMP6","P22004","P22004"
"326","0.23573883161512","BMPER","false","BMPER","A0A090N7U6",""
"327","1.0","GATA3","false","GATA3","P23771",""
"328","0.812094064949608","SLC26A2","false","SLC26A2","P50443",""
"329","0.387023977433004","DOCK2","false","DOCK2","Q92608",""
"330","0.746020761245675","UBXN2B","false","UBXN2B","","Q14CS0"
"331","0.607940446650124","DMBX1","false","DMBX1","Q8NFW5",""
"332","0.0854030501089325","NOMO1","false","NOMO1","Q15155",""
"333","0.00450255102040816","GTPBP1","false","GTPBP1","","O00178"
"334","0.531782945736434","KCNQ2","false","KCNQ2","O43526","O43526"
"335","0.954611398963731","USP16","false","USP16","Q9Y5T5","Q9Y5T5"
"336","0.0464454976303318","TBC1D1","false","TBC1D1","B9A6J6",""
"337","0.626044226044226","UTP14C","false","UTP14C","Q5TAP6",""
"338","0.282692307692308","DLL4","false","DLL4","Q9NR61",""
"339","0.370348837209302","RCC1","false","RCC1","P18754",""
"340","0.701670644391408","NF1","false","NF1","P21359",""
"341","0.930379746835443","PAPSS1","false","PAPSS1","O43252","O43252"
"342","1.0","STAB1","false","STAB1","","Q9NY15"
"343","1.0","ORC5","false","ORC5","A4D0P7","A4D0P7"
"344","0.905263157894737","SBF1","false","SBF1","A0A024R4Z9","A0A024R4Z9"
"345","0.626044226044226","CHRNB4","false","CHRNB4","P30926","P30926"
"346","1.0","FAM124B","false","FAM124B","Q9H5Z6","Q9H5Z6"
"347","1.0","ZSWIM8","false","ZSWIM8","","A7E2V4"
"348","1.0","U2SURP","false","U2SURP","","O15042"
"349","0.00450255102040816","PAPPA2","false","PAPPA2","","Q9BXP8"
"350","0.860592755214051","CPOX","false","CPOX","P36551","P36551"
"351","0.954611398963731","KCNJ15","false","KCNJ15","","Q99712"
"352","0.830323299888517","PPP1R3C","false","PPP1R3C","Q9UQK1",""
"353","0.118787878787879","ITGAE","false","ITGAE","P38570",""
"354","0.0854030501089325","MAML2","false","MAML2","","Q8IZL2"
"355","0.00450255102040816","JAG1","false","JAG1","P78504","P78504"
"356","0.0464454976303318","COLGALT2","false","COLGALT2","Q8IYK4","Q8IYK4"
"357","0.00450255102040816","KANK1","false","KANK1","Q14678",""
"358","1.0","MKRN3","false","MKRN3","Q13064",""
"359","0.918423855165069","IPO4","false","IPO4","Q8TEX9",""
"360","0.151059730250482","SLC30A3","false","SLC30A3","Q99726","Q99726"
"361","0.0854030501089325","BCL7C","false","BCL7C","","Q8WUZ0"
"362","0.0854030501089325","GART","false","GART","P22102",""
"363","0.00450255102040816","IKZF2","false","IKZF2","Q9UKS7","Q9UKS7"
"364","0.00450255102040816","HECTD3","false","HECTD3","Q5T447","Q5T447"
"365","0.303875968992248","TMED1","false","TMED1","Q13445",""
"366","0.945073375262054","KAT6B","false","KAT6B","Q8WYB5","Q8WYB5"
"367","1.0","KRT3","false","KRT3","P12035",""
"368","0.569191919191919","USP35","false","USP35","Q9P2H5","Q9P2H5"
"369","1.0","SMNDC1","false","SMNDC1","","O75940"
"370","0.607940446650124","SF3B1","false","SF3B1","O75533",""
"371","0.118787878787879","MAGEA12","false","MAGEA12","P43365",""
"372","0.00450255102040816","ROCK1","false","ROCK1","Q13464","Q13464"
"373","0.258745874587459","CDH23","false","CDH23","","Q9H251"
"374","0.454570259208731","USH1C","false","USH1C","A0A0S2Z4U9",""
"375","0.23573883161512","CEP170B","false","CEP170B","Q9Y4F5","Q9Y4F5"
"376","0.303875968992248","MYO5A","false","MYO5A","","Q9Y4I1"
"377","0.00450255102040816","PPP1R12A","false","PPP1R12A","O14974","O14974"
"378","0.0464454976303318","GRIA4","false","GRIA4","P48058",""
"379","0.701670644391408","ANO3","false","ANO3","Q9BYT9",""
"380","0.00450255102040816","MORN4","false","MORN4","Q8NDC4","Q8NDC4"
"381","1.0","MUC16","false","MUC16","Q8WXI7",""
"382","0.00450255102040816","MYOF","false","MYOF","Q9NZM1","Q9NZM1"
"383","0.0464454976303318","EIF2AK4","false","EIF2AK4","","Q9P2K8"
"384","0.303875968992248","CACNA1E","false","CACNA1E","Q15878","Q15878"
"385","0.00450255102040816","PPIL2","false","PPIL2","A0A024R1C1","A0A024R1C1"
"386","1.0","KDM3A","false","KDM3A","","Q9Y4C1"
"387","0.00450255102040816","NAB1","false","NAB1","","Q13506"
"388","0.905263157894737","CYP21A2","false","CYP21A2","Q08AG9",""
"389","0.905263157894737","HSH2D","false","HSH2D","","Q96JZ2"
"390","0.347415066469719","POLL","false","POLL","Q9UGP5","Q9UGP5"
"391","1.0","NUCB1","false","NUCB1","Q02818",""
"392","0.00450255102040816","PAK3","false","PAK3","O75914","O75914"
"393","0.00450255102040816","BCL3","false","BCL3","P20749","P20749"
"394","1.0","BLNK","false","BLNK","Q8WV28","Q8WV28"
"395","0.777777777777778","EDN3","false","EDN3","P14138","P14138"
"396","0.00450255102040816","TRIM47","false","TRIM47","Q96LD4",""
"397","0.118787878787879","TRIM6","false","TRIM6","Q9C030","Q9C030"
"398","0.118787878787879","IGHMBP2","false","IGHMBP2","P38935","P38935"
"399","0.00450255102040816","FERMT2","false","FERMT2","","A0A024R687"
"400","1.0","RHAG","false","RHAG","Q02094",""
"401","1.0","CCR4","false","CCR4","A0N0Q1","A0N0Q1"
"402","0.00450255102040816","USP46","false","USP46","P62068","P62068"
"403","0.23573883161512","DMWD","false","DMWD","Q09019",""
"404","0.930379746835443","SPRY1","false","SPRY1","O43609","O43609"
"405","0.387023977433004","TMTC2","false","TMTC2","Q8N394",""
"406","1.0","PHIP","false","PHIP","Q8WWQ0",""
"407","0.492592592592593","PTPN3","false","PTPN3","P26045","P26045"
"408","0.626044226044226","ELP2","false","ELP2","Q6IA86","Q6IA86"
"409","0.793700787401575","PGM2","false","PGM2","","Q96G03"
"410","0.979001019367992","DDX19A","false","DDX19A","","Q9NUU7"
"411","0.325188536953243","WDR7","false","WDR7","","Q9Y4E6"
"412","1.0","USP5","false","USP5","A0A140VJZ1","A0A140VJZ1"
"413","0.718203309692671","TIMM44","false","TIMM44","O43615","O43615"
"414","0.408333333333333","PSMD6","false","PSMD6","Q15008","Q15008"
"415","0.729302325581395","SMCHD1","false","SMCHD1","A6NHR9","A6NHR9"
"416","0.0854030501089325","HAP1","false","HAP1","P54257","P54257"
"417","0.370348837209302","CDK13","false","CDK13","","Q9BVE2"
"418","1.0","UBXN11","false","UBXN11","Q5T124","Q5T124"
"419","1.0","XRN2","false","XRN2","Q9H0D6","Q9H0D6"
"420","0.118787878787879","TNFRSF25","false","TNFRSF25","Q93038","Q93038"
"421","0.00450255102040816","DAPK3","false","DAPK3","O43293","O43293"
"422","1.0","RAPSN","false","RAPSN","","A0A0S2Z4A2"
"423","0.00450255102040816","MAST2","false","MAST2","Q6P0Q8","Q6P0Q8"
"424","0.23573883161512","LIG4","false","LIG4","A0A024RE06",""
"425","0.777777777777778","GGN","false","GGN","","Q86UU5"
"426","0.718203309692671","FAM208B","false","FAM208B","","Q5VWN6"
"427","0.0464454976303318","RIT1","false","RIT1","Q92963","Q92963"
"428","0.23573883161512","EPS8L2","false","EPS8L2","","Q9H6S3"
"429","0.23573883161512","SDK1","false","SDK1","Q7Z5N4","Q7Z5N4"
"430","0.00450255102040816","FLII","false","FLII","","Q13045"
"431","0.282692307692308","TARBP1","false","TARBP1","","Q13395"
"432","0.729302325581395","AHNAK2","false","AHNAK2","Q8IVF2",""
"433","1.0","B3GAT3","false","B3GAT3","O94766","O94766"
"434","0.954611398963731","CTCFL","false","CTCFL","Q8NI51",""
"435","0.00450255102040816","SEPT2","false","SEPT2","Q15019","Q15019"
"436","0.282692307692308","SEPT4","false","SEPT4","O43236","O43236"
"437","1.0","KAT6A","false","KAT6A","","Q92794"
"438","1.0","BRPF1","false","BRPF1","P55201",""
"439","0.00450255102040816","RS1","false","RS1","O15537","O15537"
"440","0.954611398963731","SNRNP35","false","SNRNP35","","A0A024RBU2"
"441","1.0","SIGLEC5","false","SIGLEC5","O15389","O15389"
"442","1.0","SLC15A2","false","SLC15A2","Q16348",""
"443","0.118787878787879","SBNO1","false","SBNO1","A3KN83","A3KN83"
"444","1.0","IDH3B","false","IDH3B","A0A087WZN1","O43837"
"445","0.00450255102040816","RBP1","false","RBP1","P09455","P09455"
"446","1.0","DHX8","false","DHX8","","Q14562"
"447","1.0","GPBAR1","false","GPBAR1","","Q8TDU6"
"448","0.00450255102040816","AHNAK","false","AHNAK","Q9BVU3","Q09666"
"449","0.531782945736434","CRTC1","false","CRTC1","Q6UUV9",""
"450","0.589473684210526","AIFM1","false","AIFM1","O95831","O95831"
"451","0.209625668449198","SEPT8","false","SEPT8","","Q92599"
"452","0.118787878787879","KMT2B","false","KMT2B","Q9UMN6",""
"453","0.00450255102040816","CTNNBIP1","false","CTNNBIP1","A0A024R4D7",""
"454","1.0","NR6A1","false","NR6A1","Q15406","Q15406"
"455","0.303875968992248","MRPS31","false","MRPS31","Q92665","Q92665"
"456","0.00450255102040816","SLC15A3","false","SLC15A3","Q8IY34",""
"457","1.0","FLG","false","FLG","P20930",""
"458","0.729302325581395","RPRD2","false","RPRD2","","Q5VT52"
"459","0.626044226044226","PRPF38A","false","PRPF38A","Q8NAV1","Q8NAV1"
"460","0.303875968992248","FCAR","false","FCAR","P24071","P24071"
"461","0.552820512820513","GRIN2C","false","GRIN2C","","Q14957"
"462","0.23573883161512","CHMP4C","false","CHMP4C","Q96CF2","Q96CF2"
"463","1.0","VPS4B","false","VPS4B","A0A024R2C5",""
"464","0.930379746835443","TMCO3","false","TMCO3","Q6UWJ1","Q6UWJ1"
"465","0.765097588978186","UQCRC1","false","UQCRC1","P31930","P31930"
"466","0.408333333333333","BACE2","false","BACE2","Q9Y5Z0","Q9Y5Z0"
"467","0.00450255102040816","MYO7B","false","MYO7B","","Q6PIF6"
"468","0.00450255102040816","CDHR2","false","CDHR2","Q9BYE9","Q9BYE9"
"469","0.00450255102040816","AGAP1","false","AGAP1","Q9UPQ3","Q9UPQ3"
"470","0.0854030501089325","RNF208","false","RNF208","Q9H0X6",""
"471","0.848390677025527","NUP85","false","NUP85","Q9BW27","Q9BW27"
"472","1.0","EXTL3","false","EXTL3","","O43909"
"473","0.00450255102040816","MAP1B","false","MAP1B","P46821","P46821"
"474","0.0464454976303318","ITGA7","false","ITGA7","Q13683","Q13683"
"475","0.370348837209302","PHF2","false","PHF2","O75151",""
"476","0.151059730250482","GATA6","false","GATA6","Q92908",""
"477","0.0464454976303318","HDAC7","false","HDAC7","Q8WUI4","Q8WUI4"
"478","0.00450255102040816","MSC","false","MSC","O60682",""
"479","1.0","TFDP1","false","TFDP1","A0A024RDY4",""
"480","0.00450255102040816","MYOM2","false","MYOM2","P54296","P54296"
"481","0.303875968992248","LRRFIP1","false","LRRFIP1","Q32MZ4","Q32MZ4"
"482","0.512418300653595","NR1D2","false","NR1D2","Q14995","F1D8P2"
"483","0.00450255102040816","KANSL3","false","KANSL3","Q9P2N6",""
"484","0.118787878787879","TMF1","false","TMF1","A0A024R370",""
"485","0.00450255102040816","SLC6A3","false","SLC6A3","Q01959","Q01959"
"486","0.118787878787879","IRF5","false","IRF5","Q13568","Q13568"
"487","0.00450255102040816","DTX1","false","DTX1","","Q86Y01"
"488","0.00450255102040816","PTBP1","false","PTBP1","P26599","P26599"
"489","1.0","RBFOX2","false","RBFOX2","O43251","O43251"
"490","1.0","MLF1","false","MLF1","A0A0S2Z4U8","A0A0S2Z4U8"
"491","0.00450255102040816","KLF2","false","KLF2","","Q9Y5W3"
"492","0.23573883161512","ETS1","false","ETS1","P14921","P14921"
"493","0.209625668449198","PLD3","false","PLD3","Q8IV08","Q8IV08"
"494","0.00450255102040816","CBX8","false","CBX8","Q9HC52","Q9HC52"
"495","1.0","TDRD7","false","TDRD7","Q8NHU6",""
"496","0.967901234567901","APBA3","false","APBA3","O96018","O96018"
"497","0.258745874587459","PPFIA3","false","PPFIA3","","O75145"
"498","0.626044226044226","RASSF9","false","RASSF9","","O75901"
"499","0.793700787401575","HNF4A","false","HNF4A","P41235","F1D8T1"
"500","0.182835820895522","UROD","false","UROD","P06132","P06132"
"501","1.0","WDR45B","false","WDR45B","Q5MNZ6",""
"502","0.00450255102040816","NUB1","false","NUB1","Q9Y5A7",""
"503","0.00450255102040816","PITX2","false","PITX2","Q99697","Q99697"
"504","0.718203309692671","MYEF2","false","MYEF2","Q9P2K5",""
"505","0.0464454976303318","MYCL","false","MYCL","P12524","P12524"
"506","1.0","CREBRF","false","CREBRF","Q8IUR6","Q8IUR6"
"507","0.387023977433004","VPS37D","false","VPS37D","Q86XT2","Q86XT2"
"508","0.0464454976303318","CDH13","false","CDH13","P55290","P55290"
"509","0.00450255102040816","NOP58","false","NOP58","Q9Y2X3","Q9Y2X3"
"510","0.00450255102040816","PRKD1","false","PRKD1","Q15139","Q15139"
"511","1.0","SMG6","false","SMG6","Q86US8","Q86US8"
"512","0.370348837209302","WAC","false","WAC","Q9BTA9",""
"513","1.0","TRIB2","false","TRIB2","Q92519",""
"514","1.0","MYOZ3","false","MYOZ3","Q8TDC0",""
"515","0.00450255102040816","CCDC36","false","CCDC36","Q8IYA8",""
"516","0.472922252010724","KLC3","false","KLC3","A0A024R0V3","A0A024R0V3"
"517","0.387023977433004","DDX3X","false","DDX3X","O00571",""
"518","0.00450255102040816","LONRF1","false","LONRF1","Q17RB8","Q17RB8"
"519","0.589473684210526","MDN1","false","MDN1","Q9NU22","Q9NU22"
"520","0.0464454976303318","NEURL4","false","NEURL4","Q96JN8","Q96JN8"
"521","0.729302325581395","UFL1","false","UFL1","","O94874"
"522","1.0","PRCP","false","PRCP","","B7Z7Q6"
"523","0.00450255102040816","KIF5A","false","KIF5A","Q12840","Q12840"
"524","0.00450255102040816","AIPL1","false","AIPL1","","F1T0B6"
"525","0.0464454976303318","SLC30A4","false","SLC30A4","O14863","O14863"
"526","0.00450255102040816","ANP32A","false","ANP32A","","P39687"
"527","0.472922252010724","ADAP1","false","ADAP1","O75689","O75689"
"528","0.209625668449198","SLC26A8","false","SLC26A8","","A0A024RCV0"
"529","0.23573883161512","FAM83G","false","FAM83G","A6ND36",""
"530","0.0854030501089325","HSD17B4","false","HSD17B4","P51659","P51659"
"531","0.118787878787879","KCTD9","false","KCTD9","Q7L273","Q7L273"
"532","1.0","FIP1L1","false","FIP1L1","Q6UN15",""
"533","0.151059730250482","SPECC1L","false","SPECC1L","","Q69YQ0"
"534","0.646153846153846","ZFHX3","false","ZFHX3","Q15911","Q15911"
"535","0.118787878787879","RAB11FIP4","false","RAB11FIP4","Q86YS3","Q86YS3"
"536","0.777777777777778","CEP95","false","CEP95","","Q96GE4"
"537","1.0","PTCH1","false","PTCH1","Q13635","Q13635"
"538","1.0","RFX2","false","RFX2","P48378",""
"539","0.325188536953243","SETD3","false","SETD3","Q86TU7","Q86TU7"
"540","0.23573883161512","IL1RAP","false","IL1RAP","Q9NPH3","Q9NPH3"
"541","0.860592755214051","AMPD3","false","AMPD3","Q01432","Q01432"
"542","0.00450255102040816","KSR2","false","KSR2","Q6VAB6","Q6VAB6"
"543","0.258745874587459","FRMD5","false","FRMD5","B5MC67","Q7Z6J6"
"544","1.0","ADRA2B","false","ADRA2B","","P18089"
"545","0.00450255102040816","PTPRU","false","PTPRU","Q92729","Q92729"
"546","0.00450255102040816","AP3B1","false","AP3B1","A0A0S2Z5J4",""
"547","0.182835820895522","NOD2","false","NOD2","Q9HC29","Q9HC29"
"548","0.182835820895522","UBR4","false","UBR4","Q5T4S7","Q5T4S7"
"549","0.00450255102040816","RAB10","false","RAB10","P61026","P61026"
"550","1.0","RETSAT","false","RETSAT","Q6NUM9",""
"551","0.0464454976303318","DCAF12L2","false","DCAF12L2","Q5VW00","Q5VW00"
"552","0.718203309692671","BTN3A3","false","BTN3A3","","O00478"
"553","1.0","PRDM1","false","PRDM1","O75626",""
"554","0.00450255102040816","SPTBN5","false","SPTBN5","Q9NRC6","Q9NRC6"
"555","0.209625668449198","NAA20","false","NAA20","P61599","P61599"
"556","0.00450255102040816","SPATA2","false","SPATA2","","Q9UM82"
"557","0.408333333333333","ZMYND19","false","ZMYND19","Q96E35","Q96E35"
"558","1.0","KRT13","false","KRT13","A1A4E9","P13646"
"559","1.0","TNS1","false","TNS1","Q9HBL0","Q9HBL0"
"560","0.0464454976303318","ERRFI1","false","ERRFI1","I6S2Y9","I6S2Y9"
"561","0.00450255102040816","RPS6KB2","false","RPS6KB2","Q9UBS0",""
"562","0.860592755214051","DSCAML1","false","DSCAML1","Q8TD84","Q8TD84"
"563","1.0","CRLF3","false","CRLF3","Q8IUI8","Q8IUI8"
"564","0.729302325581395","RBBP8NL","false","RBBP8NL","","Q8NC74"
"565","0.729302325581395","ZNF704","false","ZNF704","Q6ZNC4",""
"566","0.472922252010724","CCDC92","false","CCDC92","Q53HC0","Q53HC0"
"567","0.0464454976303318","DMXL1","false","DMXL1","B2RWN7",""
"568","0.00450255102040816","TANC2","false","TANC2","Q9HCD6","Q9HCD6"
"569","0.258745874587459","LARS2","false","LARS2","Q15031","Q15031"
"570","0.860592755214051","AFTPH","false","AFTPH","","Q6ULP2"
"571","0.151059730250482","PFKM","false","PFKM","A0A024R0Y5","A0A024R0Y5"
"572","0.151059730250482","GNE","false","GNE","Q9Y223","Q9Y223"
"573","1.0","IRF2BPL","false","IRF2BPL","","Q9H1B7"
"574","0.347415066469719","PHF6","false","PHF6","","Q8IWS0"
"575","0.0464454976303318","RHOT2","false","RHOT2","Q8IXI1","Q8IXI1"
"576","1.0","EDC4","false","EDC4","Q6P2E9","Q6P2E9"
"577","0.182835820895522","ADAMTS2","false","ADAMTS2","","O95450"
"578","0.00450255102040816","ABLIM3","false","ABLIM3","O94929","O94929"
"579","0.00450255102040816","APBB1","false","APBB1","O00213","O00213"
"580","0.00450255102040816","MEIS2","false","MEIS2","O14770","O14770"
"581","1.0","BCL2L11","false","BCL2L11","O43521","O43521"
"582","0.209625668449198","FARSB","false","FARSB","Q9NSD9","Q9NSD9"
"583","0.00450255102040816","FAM124A","false","FAM124A","Q86V42","Q86V42"
"584","0.325188536953243","LDLR","false","LDLR","A0A024R7D5","A0A024R7D5"
"585","0.871583514099783","APOB","false","APOB","P04114",""
"586","1.0","NFE2L1","false","NFE2L1","Q14494","Q14494"
"587","0.793700787401575","ECE2","false","ECE2","O60344",""
"588","1.0","KCNQ1","false","KCNQ1","P51787","P51787"
"589","0.00450255102040816","ACHE","false","ACHE","P22303","P22303"
"590","0.00450255102040816","LAMB1","false","LAMB1","P07942","P07942"
"591","0.765097588978186","RUNX3","false","RUNX3","Q13761","Q13761"
"592","0.151059730250482","PHYHIP","false","PHYHIP","Q92561","Q92561"
"593","0.282692307692308","HDAC11","false","HDAC11","A0A024R2I1",""
"594","0.00450255102040816","FGF12","false","FGF12","","P61328"
"595","1.0","NOS1","false","NOS1","","B3VK56"
"596","0.646153846153846","SAP18","false","SAP18","O00422","O00422"
"597","0.209625668449198","UBR1","false","UBR1","Q8IWV7","Q8IWV7"
"598","0.00450255102040816","NEK1","false","NEK1","Q96PY6","Q96PY6"
"599","0.00450255102040816","DST","false","DST","Q03001","Q03001"
"600","1.0","KCNJ12","false","KCNJ12","","Q14500"
"601","0.00450255102040816","RIMS1","false","RIMS1","Q86UR5","Q86UR5"
"602","0.00450255102040816","UBQLN1","false","UBQLN1","A0A024R258","Q9UMX0"
"603","0.777777777777778","CD2","false","CD2","","P06729"
"604","1.0","BRD4","false","BRD4","O60885","O60885"
"605","0.00450255102040816","SIRT2","false","SIRT2","A0A024R0G8","A0A024R0G8"
"606","0.589473684210526","KCNH3","false","KCNH3","Q9ULD8","Q9ULD8"
"607","0.00450255102040816","MECOM","false","MECOM","Q03112","Q03112"
"608","0.00450255102040816","ZMIZ1","false","ZMIZ1","Q9ULJ6","Q9ULJ6"
"609","0.0464454976303318","MICALL1","false","MICALL1","Q8N3F8","Q8N3F8"
"610","0.209625668449198","DNM3","false","DNM3","Q9UQ16","Q9UQ16"
"611","0.00450255102040816","CASP9","false","CASP9","P55211","P55211"
"612","1.0","CNTF","false","CNTF","P26441","P26441"
"613","0.00450255102040816","PYGL","false","PYGL","P06737","P06737"
"614","0.209625668449198","USP34","false","USP34","","Q70CQ2"
"615","0.492592592592593","ZNF214","false","ZNF214","Q9UL59",""
"616","0.701670644391408","PLCZ1","false","PLCZ1","","Q86YW0"
"617","0.118787878787879","PELO","false","PELO","Q9BRX2","Q9BRX2"
"618","0.00450255102040816","TAB2","false","TAB2","Q9NYJ8","Q9NYJ8"
"619","0.930379746835443","NCAPD3","false","NCAPD3","","P42695"
"620","0.0464454976303318","LDLRAP1","false","LDLRAP1","","Q5SW96"
"621","0.182835820895522","NLN","false","NLN","Q9BYT8",""
"622","1.0","SLAMF6","false","SLAMF6","Q96DU3","Q96DU3"
"623","0.118787878787879","ARHGAP8","false","ARHGAP8","P85298","P85298"
"624","0.258745874587459","ALPP","false","ALPP","P05187","P05187"
"625","0.569191919191919","GLIS3","false","GLIS3","","A0A0S2Z689"
"626","0.701670644391408","SLC38A1","false","SLC38A1","A0A024R124",""
"627","0.00450255102040816","MYRF","false","MYRF","Q9Y2G1","Q9Y2G1"
"628","0.830323299888517","ATP2B4","false","ATP2B4","A0A024R968","P23634"
"629","0.0464454976303318","NOS3","false","NOS3","P29474","P29474"
"630","0.0854030501089325","SESTD1","false","SESTD1","Q86VW0","Q86VW0"
"631","0.905263157894737","ARL11","false","ARL11","Q969Q4",""
"632","0.00450255102040816","KMT2A","false","KMT2A","Q03164","Q03164"
"633","0.00450255102040816","ANKRD50","false","ANKRD50","","Q9ULJ7"
"634","0.701670644391408","CLNK","false","CLNK","Q7Z7G1",""
"635","0.00450255102040816","KIF5B","false","KIF5B","P33176","P33176"
"636","0.626044226044226","SEPT3","false","SEPT3","Q9UH03","Q9UH03"
"637","0.00450255102040816","PLXNB1","false","PLXNB1","","O43157"
"638","1.0","CPSF1","false","CPSF1","Q10570","Q10570"
"639","0.118787878787879","TRRAP","false","TRRAP","Q9Y4A5","Q9Y4A5"
"640","0.945073375262054","KCNJ16","false","KCNJ16","Q9NPI9","Q9NPI9"
"641","0.118787878787879","CACNA1C","false","CACNA1C","Q13936","Q13936"
"642","0.00450255102040816","RYR2","false","RYR2","Q92736","Q92736"
"643","1.0","KIAA0100","false","KIAA0100","Q08E86",""
"644","0.00450255102040816","RUVBL1","false","RUVBL1","Q9Y265","Q9Y265"
"645","1.0","TAF1","false","TAF1","","P21675"
"646","0.0464454976303318","ECI1","false","ECI1","P42126","P42126"
"647","0.282692307692308","CNKSR1","false","CNKSR1","Q53GM7","Q53GM7"
"648","0.646153846153846","PSPC1","false","PSPC1","Q8WXF1","A0A024RDP4"
"649","0.777777777777778","OR52N4","false","OR52N4","Q8NGI2","Q8NGI2"
"650","0.0464454976303318","LRP6","false","LRP6","O75581","O75581"
"651","0.993914807302231","BRMS1L","false","BRMS1L","Q5PSV4","Q5PSV4"
"652","1.0","ASAP3","false","ASAP3","A0A024RAB1","A0A024RAB1"
"653","1.0","LRRC15","false","LRRC15","","Q8TF66"
"654","0.347415066469719","OAZ3","false","OAZ3","Q9UMX2",""
"655","0.430769230769231","INPP4B","false","INPP4B","O15327","O15327"
"656","0.430769230769231","MTMR3","false","MTMR3","Q13615",""
"657","0.00450255102040816","WDR5","false","WDR5","P61964","P61964"
"658","1.0","VPS35","false","VPS35","Q96QK1","Q96QK1"
"659","0.00450255102040816","MCFD2","false","MCFD2","Q8NI22","Q8NI22"
"660","0.23573883161512","PPP1R3A","false","PPP1R3A","","Q16821"
"661","0.370348837209302","LYST","false","LYST","","Q99698"
"662","0.00450255102040816","RUVBL2","false","RUVBL2","Q9Y230","Q9Y230"
"663","0.492592592592593","NARS","false","NARS","","O43776"
"664","0.0854030501089325","PLEKHG2","false","PLEKHG2","Q9H7P9","Q9H7P9"
"665","0.0464454976303318","TIAM2","false","TIAM2","Q8IVF5","Q8IVF5"
"666","0.00450255102040816","PI4KB","false","PI4KB","Q9UBF8","A0A0B4J1S8"
"667","0.930379746835443","MINK1","false","MINK1","","Q8N4C8"
"668","0.607940446650124","PCDHA12","false","PCDHA12","","Q9UN75"
"669","0.746020761245675","ABCB6","false","ABCB6","Q9NP58","Q9NP58"
"670","0.325188536953243","ATRX","false","ATRX","P46100","P46100"
"671","1.0","ABCD3","false","ABCD3","P28288","P28288"
"672","1.0","CCR2","false","CCR2","P41597",""
"673","0.860592755214051","EFNB3","false","EFNB3","Q15768","Q15768"
"674","1.0","PPP1R7","false","PPP1R7","","A0A140VK83"
"675","0.151059730250482","PQBP1","false","PQBP1","O60828",""
"676","0.00450255102040816","DHX9","false","DHX9","Q08211","Q08211"
"677","0.00450255102040816","IQGAP1","false","IQGAP1","P46940","P46940"
"678","0.00450255102040816","FRYL","false","FRYL","Q6ZR29","O94915"
"679","0.151059730250482","TOP2B","false","TOP2B","Q02880","Q02880"
"680","0.151059730250482","EXOSC4","false","EXOSC4","Q9NPD3","Q9NPD3"
"681","0.282692307692308","CLK3","false","CLK3","P49761","P49761"
"682","0.303875968992248","GJA10","false","GJA10","Q969M2","Q969M2"
"683","0.00450255102040816","COL4A1","false","COL4A1","P02462","P02462"
"684","0.00450255102040816","LAMC1","false","LAMC1","P11047",""
"685","0.00450255102040816","BEND3","false","BEND3","Q5T5X7","Q5T5X7"
"686","0.531782945736434","TAF1L","false","TAF1L","","Q8IZX4"
"687","0.118787878787879","PRKAA2","false","PRKAA2","P54646","P54646"
"688","1.0","VPS39","false","VPS39","A0A024R9L9","A0A024R9L9"
"689","0.325188536953243","CLTA","false","CLTA","P09496","P09496"
"690","0.687303506650544","SMCR8","false","SMCR8","","Q8TEV9"
"691","0.209625668449198","ATG2A","false","ATG2A","Q2TAZ0","Q2TAZ0"
"692","0.871583514099783","WDR37","false","WDR37","","Q9Y2I8"
"693","1.0","ALOX15B","false","ALOX15B","O15296",""
"694","0.00450255102040816","ARHGAP44","false","ARHGAP44","Q17R89","Q17R89"
"695","0.118787878787879","NRF1","false","NRF1","A0A024R770","A0A024R770"
"696","0.151059730250482","UBE2H","false","UBE2H","A4D1L5","A4D1L5"
"697","0.472922252010724","PSMD8","false","PSMD8","P48556","P48556"
"698","0.0464454976303318","PRMT8","false","PRMT8","Q9NR22","Q9NR22"
"699","0.00450255102040816","ANKRD1","false","ANKRD1","Q15327","Q15327"
"700","1.0","SSTR3","false","SSTR3","P32745","P32745"
"701","0.00450255102040816","PPARA","false","PPARA","F1D8S4","Q07869"
"702","0.00450255102040816","CDC42EP3","false","CDC42EP3","Q9UKI2",""
"703","0.607940446650124","JMJD7-PLA2G4B","false","JMJD7-PLA2G4B","","P0C869"
"704","0.258745874587459","MBOAT2","false","MBOAT2","Q6ZWT7",""
"705","0.303875968992248","ARHGEF3","false","ARHGEF3","Q9NR81",""
"706","0.303875968992248","KALRN","false","KALRN","O60229","O60229"
"707","0.00450255102040816","PKN3","false","PKN3","A0A024R8D6","A0A024R8D6"
"708","0.00450255102040816","ARHGAP26","false","ARHGAP26","Q9UNA1",""
"709","0.0854030501089325","IL11RA","false","IL11RA","Q14626","Q14626"
"710","0.729302325581395","CR2","false","CR2","P20023","P20023"
"711","0.00450255102040816","ALPL","false","ALPL","P05186",""
"712","0.258745874587459","RAP1GDS1","false","RAP1GDS1","P52306",""
"713","0.00450255102040816","PTPRZ1","false","PTPRZ1","P23471","P23471"
"714","0.408333333333333","PCNT","false","PCNT","O95613","O95613"
"715","0.00450255102040816","HSPG2","false","HSPG2","P98160","P98160"
"716","0.00450255102040816","RAF1","false","RAF1","L7RRS6","L7RRS6"
"717","0.729302325581395","HIRA","false","HIRA","P54198","P54198"
"718","0.00450255102040816","NUP62","false","NUP62","","P37198"
"719","0.00450255102040816","SSC5D","false","SSC5D","A1L4H1",""
"720","1.0","GNA15","false","GNA15","P30679","P30679"
"721","0.569191919191919","EDNRA","false","EDNRA","P25101",""
"722","0.151059730250482","EIF5B","false","EIF5B","O60841","O60841"
"723","0.00450255102040816","PIAS4","false","PIAS4","Q8N2W9",""
"724","0.00450255102040816","DOK4","false","DOK4","A0A024R6S2","A0A024R6S2"
"725","0.0464454976303318","ATP2A2","false","ATP2A2","P16615","P16615"
"726","0.282692307692308","RIOK1","false","RIOK1","Q9BRS2",""
"727","0.118787878787879","UNKL","false","UNKL","Q9H9P5","Q9H9P5"
"728","0.472922252010724","BCL9","false","BCL9","A0A024QYY4",""
"729","0.00450255102040816","TRIM63","false","TRIM63","Q969Q1","Q969Q1"
"730","0.00450255102040816","TGFBR2","false","TGFBR2","A3QNQ0","A3QNQ0"
"731","0.0854030501089325","STEAP3","false","STEAP3","A0A024RAD7","A0A024RAD7"
"732","0.993914807302231","FLNC","false","FLNC","","Q14315"
"733","0.00450255102040816","TP73","false","TP73","A0A024R4C3","A0A0C4DFW9"
"734","0.258745874587459","MAP1LC3B","false","MAP1LC3B","","Q658J6"
"735","0.00450255102040816","OPTN","false","OPTN","Q96CV9","Q96CV9"
"736","1.0","PTPRB","false","PTPRB","","P23467"
"737","0.0464454976303318","GUCY1A3","false","GUCY1A3","","Q02108"
"738","0.182835820895522","SMARCA2","false","SMARCA2","P51531","P51531"
"739","0.512418300653595","POLR3C","false","POLR3C","A0A024R4C1",""
"740","0.23573883161512","RRAD","false","RRAD","","A0A024R6X0"
"741","0.00450255102040816","MRAS","false","MRAS","O14807","O14807"
"742","0.00450255102040816","RAPGEF6","false","RAPGEF6","Q8TEU7",""
"743","0.151059730250482","LARP1","false","LARP1","Q6PKG0","Q6PKG0"
"744","0.531782945736434","BMS1","false","BMS1","","Q14692"
"745","0.118787878787879","ITGB7","false","ITGB7","P26010","P26010"
"746","0.00450255102040816","ACOX3","false","ACOX3","","O15254"
"747","0.729302325581395","KIAA0753","false","KIAA0753","Q2KHM9",""
"748","0.00450255102040816","NAA15","false","NAA15","Q9BXJ9","Q9BXJ9"
"749","0.552820512820513","COLGALT1","false","COLGALT1","","Q8NBJ5"
"750","0.258745874587459","COG2","false","COG2","B1ALW7","B1ALW7"
"751","1.0","ZCCHC8","false","ZCCHC8","","Q6NZY4"
"752","0.00450255102040816","ZC3H7A","false","ZC3H7A","Q8IWR0","Q8IWR0"
"753","0.347415066469719","NAT10","false","NAT10","Q9H0A0","Q9H0A0"
"754","0.430769230769231","SERPINH1","false","SERPINH1","P50454","P50454"
"755","0.746020761245675","ARHGAP9","false","ARHGAP9","","Q9BRR9"
"756","0.979001019367992","SF1","false","SF1","Q15637","Q15637"
"757","0.00450255102040816","NCOR2","false","NCOR2","Q9Y618","Q9Y618"
"758","0.151059730250482","CYFIP1","false","CYFIP1","Q7L576","Q7L576"
"759","0.993914807302231","CYFIP2","false","CYFIP2","Q96F07","Q96F07"
"760","0.325188536953243","PPP1R13B","false","PPP1R13B","Q96KQ4","Q96KQ4"
"761","0.00450255102040816","ELAC2","false","ELAC2","","A0A0S2Z5M8"
"762","1.0","ATIC","false","ATIC","P31939","P31939"
"763","0.258745874587459","TPD52L1","false","TPD52L1","Q16890","Q16890"
"764","0.00450255102040816","ABL2","false","ABL2","P42684","P42684"
"765","0.793700787401575","PIK3R5","false","PIK3R5","L7RT34","L7RT34"
"766","0.00450255102040816","DLC1","false","DLC1","Q96QB1","Q96QB1"
"767","0.00450255102040816","IKZF4","false","IKZF4","","Q9H2S9"
"768","0.00450255102040816","IKZF5","false","IKZF5","Q9H5V7","Q9H5V7"
"769","0.0854030501089325","TNS3","false","TNS3","","Q68CZ2"
"770","0.666019417475728","SLC26A6","false","SLC26A6","Q9BXS9","Q9BXS9"
"771","0.00450255102040816","WNK1","false","WNK1","Q9H4A3","Q9H4A3"
"772","0.0464454976303318","PFKP","false","PFKP","Q01813","Q01813"
"773","0.860592755214051","AAAS","false","AAAS","Q9NRG9","Q9NRG9"
"774","0.182835820895522","WDTC1","false","WDTC1","Q8N5D0",""
"775","0.00450255102040816","NOTCH2","false","NOTCH2","Q04721","Q04721"
"776","0.718203309692671","SPTA1","false","SPTA1","P02549","P02549"
"777","0.871583514099783","ZNF326","false","ZNF326","Q5BKZ1","Q5BKZ1"
"778","0.552820512820513","TPTE","false","TPTE","P56180","P56180"
"779","0.472922252010724","KIAA0368","false","KIAA0368","J3KN16","J3KN16"
"780","0.954611398963731","SLC10A7","false","SLC10A7","Q0GE19",""
"781","1.0","DHX58","false","DHX58","","A0A024R1Y5"
"782","0.793700787401575","AGO2","false","AGO2","Q9UKV8",""
"783","0.00450255102040816","AKAP13","false","AKAP13","Q12802","Q12802"
"784","0.666019417475728","FBN2","false","FBN2","P35556","P35556"
"785","0.00450255102040816","NUDT21","false","NUDT21","O43809","O43809"
"786","0.0854030501089325","FBN3","false","FBN3","Q75N90","Q75N90"
"787","1.0","ZNF764","false","ZNF764","A0A024QZB2",""
"788","0.954611398963731","CYP2C9","false","CYP2C9","","P11712"
"789","0.0464454976303318","TPCN2","false","TPCN2","Q8NHX9","Q8NHX9"
"790","0.00450255102040816","ABI2","false","ABI2","Q9NYB9","Q9NYB9"
"791","0.00450255102040816","E4F1","false","E4F1","Q66K89",""
"792","0.430769230769231","VCAN","false","VCAN","A0A024RAQ9","A0A024RAQ9"
"793","0.687303506650544","DSEL","false","DSEL","Q8IZU8",""
"794","1.0","TRAPPC10","false","TRAPPC10","P48553","P48553"
"795","0.387023977433004","C1orf94","false","C1orf94","","Q6P1W5"
"796","0.00450255102040816","TGM2","false","TGM2","P21980","P21980"
"797","0.00450255102040816","BRAF","false","BRAF","P15056","P15056"
"798","0.00450255102040816","ARID1A","false","ARID1A","O14497","O14497"
"799","1.0","TRPS1","false","TRPS1","Q9UHF7",""
"800","0.151059730250482","DLG2","false","DLG2","Q15700","Q15700"
"801","1.0","TNFRSF21","false","TNFRSF21","","A0A024RD71"
"802","0.979001019367992","SNAPC5","false","SNAPC5","A0A024R5X1","A0A024R5X1"
"803","0.00450255102040816","NCOA1","false","NCOA1","Q15788","Q15788"
"804","0.0854030501089325","TBX2","false","TBX2","","A0A024QZ86"
"805","0.777777777777778","LZTR1","false","LZTR1","Q8N653",""
"806","0.258745874587459","COL8A2","false","COL8A2","P25067","P25067"
"807","0.00450255102040816","KIF5C","false","KIF5C","O60282","O60282"
"808","0.00450255102040816","RNF123","false","RNF123","Q5XPI4","Q5XPI4"
"809","0.967901234567901","ZNF277","false","ZNF277","Q9NRM2",""
"810","0.387023977433004","CASZ1","false","CASZ1","","Q86V15"
"811","0.569191919191919","BAG4","false","BAG4","O95429","O95429"
"812","0.00450255102040816","BSG","false","BSG","P35613","P35613"
"813","0.118787878787879","TUBA1C","false","TUBA1C","Q9BQE3","Q9BQE3"
"814","0.258745874587459","TUBB6","false","TUBB6","Q9BUF5","B4E386"
"815","0.282692307692308","COL6A6","false","COL6A6","A6NMZ7","A6NMZ7"
"816","0.00450255102040816","COL5A3","false","COL5A3","P25940","P25940"
"817","0.370348837209302","CELF3","false","CELF3","","Q5SZQ8"
"818","1.0","HID1","false","HID1","Q8IV36",""
"819","0.945073375262054","ELN","false","ELN","P15502","P15502"
"820","0.967901234567901","EPPK1","false","EPPK1","P58107","A0A087X1U6"
"821","0.0464454976303318","THBS2","false","THBS2","","P35442"
"822","0.303875968992248","LRCH1","false","LRCH1","Q9Y2L9","Q9Y2L9"
"823","0.00450255102040816","MYBPC2","false","MYBPC2","A0A140VJQ0","A0A140VJQ0"
"824","1.0","GPT2","false","GPT2","Q8TD30","Q8TD30"
"825","0.258745874587459","CACNA1A","false","CACNA1A","O00555","O00555"
"826","0.930379746835443","KCNJ5","false","KCNJ5","P48544",""
"827","0.00450255102040816","COL4A3BP","false","COL4A3BP","A0A024RAJ5","A0A024RAJ5"
"828","0.00450255102040816","TSC1","false","TSC1","Q92574","Q92574"
"829","0.0464454976303318","CUL4B","false","CUL4B","Q13620","Q13620"
"830","0.0854030501089325","TNR","false","TNR","Q92752","Q92752"
"831","0.0854030501089325","LRBA","false","LRBA","P50851","P50851"
"832","1.0","HEY2","false","HEY2","Q9UBP5","Q9UBP5"
"833","0.00450255102040816","EIF4A2","false","EIF4A2","Q14240","Q14240"
"834","0.303875968992248","RPS5","false","RPS5","P46782","P46782"
"835","0.151059730250482","NFATC2","false","NFATC2","Q13469","Q13469"
"836","0.00450255102040816","RAB8A","false","RAB8A","P61006","P61006"
"837","1.0","IQCB1","false","IQCB1","","Q15051"
"838","0.282692307692308","EXOC1","false","EXOC1","A0A024RDA9","A0A024RDA9"
"839","0.666019417475728","NUFIP2","false","NUFIP2","","Q7Z417"
"840","0.512418300653595","AGAP3","false","AGAP3","Q96P47",""
"841","0.00450255102040816","ANXA6","false","ANXA6","","A0A0S2Z377"
"842","0.00450255102040816","PREX2","false","PREX2","Q70Z35","Q70Z35"
"843","0.258745874587459","DCLK1","false","DCLK1","","O15075"
"844","0.00450255102040816","GIGYF1","false","GIGYF1","O75420","O75420"
"845","0.00450255102040816","LPIN3","false","LPIN3","Q9BQK8","Q9BQK8"
"846","0.00450255102040816","TTK","false","TTK","P33981","P33981"
"847","0.282692307692308","ALK","false","ALK","Q9UM73","Q9UM73"
"848","0.00450255102040816","PRKCH","false","PRKCH","","P24723"
"849","0.472922252010724","C20orf194","false","C20orf194","","Q5TEA3"
"850","0.23573883161512","ASB17","false","ASB17","","Q8WXJ9"
"851","0.00450255102040816","AREL1","false","AREL1","","O15033"
"852","0.282692307692308","EEA1","false","EEA1","","Q15075"
"853","0.0464454976303318","IGF2R","false","IGF2R","P11717",""
"854","0.569191919191919","DDR2","false","DDR2","A0A024R906","A0A024R906"
"855","0.918423855165069","COQ3","false","COQ3","","Q9NZJ6"
"856","0.607940446650124","NOVA1","false","NOVA1","P51513","P51513"
"857","0.569191919191919","ARHGEF16","false","ARHGEF16","Q5VV41",""
"858","0.325188536953243","FTSJ3","false","FTSJ3","Q8IY81","Q8IY81"
"859","0.325188536953243","RYR1","false","RYR1","P21817","P21817"
"860","1.0","GSPT1","false","GSPT1","P15170","P15170"
"861","0.00450255102040816","KANSL1","false","KANSL1","Q7Z3B3","Q7Z3B3"
"862","0.701670644391408","POMP","false","POMP","Q9Y244","Q9Y244"
"863","0.0464454976303318","LRP1B","false","LRP1B","","Q9NZR2"
"864","0.408333333333333","RSPO1","false","RSPO1","Q2MKA7",""
"865","0.430769230769231","UGGT1","false","UGGT1","","Q9NYU2"
"866","0.00450255102040816","FHL3","false","FHL3","Q13643","Q13643"
"867","0.00450255102040816","IAPP","false","IAPP","A0A024RAU1","A0A024RAU1"
"868","0.646153846153846","RPL29","false","RPL29","P47914","P47914"
"869","0.00450255102040816","PAFAH1B3","false","PAFAH1B3","A0A024R0L6","A0A024R0L6"
"870","0.0464454976303318","CREB5","false","CREB5","Q02930","Q02930"
"871","0.00450255102040816","HIP1","false","HIP1","O00291","O00291"
"872","0.00450255102040816","HIP1R","false","HIP1R","O75146","O75146"
"873","0.666019417475728","MED13L","false","MED13L","Q71F56","Q71F56"
"874","0.282692307692308","MED24","false","MED24","O75448","O75448"
"875","1.0","AGTR2","false","AGTR2","P50052","P50052"
"876","1.0","TAS2R14","false","TAS2R14","Q9NYV8",""
"877","0.182835820895522","CCAR1","false","CCAR1","Q8IX12","Q8IX12"
"878","0.905263157894737","MICALL2","false","MICALL2","","Q8IY33"
"879","1.0","ZNF281","false","ZNF281","Q9Y2X9","Q9Y2X9"
"880","0.0854030501089325","ZBTB49","false","ZBTB49","Q6ZSB9","Q6ZSB9"
"881","0.151059730250482","RASA1","false","RASA1","P20936","P20936"
"882","0.00450255102040816","ARHGAP35","false","ARHGAP35","Q9NRY4","Q9NRY4"
"883","0.0464454976303318","TRPV4","false","TRPV4","Q9HBA0","Q9HBA0"
"884","0.00450255102040816","PCBP2","false","PCBP2","Q15366","Q15366"
"885","1.0","PPIL1","false","PPIL1","","Q9Y3C6"
"886","0.00450255102040816","HSP90AA1","false","HSP90AA1","P07900","P07900"
"887","0.0464454976303318","MAP2K7","false","MAP2K7","O14733","O14733"
"888","0.0854030501089325","MAPK8IP3","false","MAPK8IP3","E9PFH7","E9PFH7"
"889","1.0","GRM2","false","GRM2","Q14416","Q14416"
"890","1.0","OPRM1","false","OPRM1","P35372","P35372"
"891","0.258745874587459","CPT1A","false","CPT1A","A0A024R5F4","A0A024R5F4"
"892","0.118787878787879","MRPS27","false","MRPS27","","Q92552"
"893","0.00450255102040816","ACBD3","false","ACBD3","","A0A024R3P9"
"894","0.979001019367992","GOLGA3","false","GOLGA3","Q08378","Q08378"
"895","0.00450255102040816","FOXK2","false","FOXK2","Q01167","Q01167"
"896","1.0","KDM5A","false","KDM5A","P29375",""
"897","0.00450255102040816","KAT2B","false","KAT2B","Q92831","Q92831"
"898","0.23573883161512","FBXO4","false","FBXO4","","Q9UKT5"
"899","0.23573883161512","RPL15","false","RPL15","","P61313"
"900","1.0","SCNN1D","false","SCNN1D","","A6NNF7"
"901","1.0","HLTF","false","HLTF","","Q14527"
"902","0.00450255102040816","UBE2B","false","UBE2B","P63146","P63146"
"903","0.387023977433004","PFDN2","false","PFDN2","B1AQP2","B1AQP2"
"904","0.729302325581395","UNC5B","false","UNC5B","","Q8IZJ1"
"905","0.303875968992248","NEO1","false","NEO1","Q92859",""
"906","0.325188536953243","ZNF41","false","ZNF41","P51814",""
"907","0.325188536953243","NOP2","false","NOP2","P46087",""
"908","1.0","DUSP23","false","DUSP23","A0A140VJI5","A0A140VJI5"
"909","0.472922252010724","TGIF1","false","TGIF1","Q15583","Q15583"
"910","0.209625668449198","CTBP2","false","CTBP2","P56545",""
"911","0.0854030501089325","ROCK2","false","ROCK2","","O75116"
"912","0.00450255102040816","ABR","false","ABR","Q12979","Q12979"
"913","0.182835820895522","FGFR4","false","FGFR4","P22455","P22455"
"914","0.0464454976303318","FGFR3","false","FGFR3","P22607","P22607"
"915","0.918423855165069","IL11","false","IL11","A8K3F7","A8K3F7"
"916","0.00450255102040816","TRPC5","false","TRPC5","","Q9UL62"
"917","0.00450255102040816","MX1","false","MX1","P20591","P20591"
"918","1.0","CRHR1","false","CRHR1","P34998","P34998"
"919","0.258745874587459","TSHR","false","TSHR","P16473","P16473"
"920","0.00450255102040816","ZNF234","false","ZNF234","A0A024R0N3",""
"921","0.746020761245675","FZD3","false","FZD3","Q9NPG1",""
"922","0.0854030501089325","DPYSL5","false","DPYSL5","Q9BPU6","Q9BPU6"
"923","0.370348837209302","ZNF510","false","ZNF510","Q9Y2H8","Q9Y2H8"
"924","0.0464454976303318","ATP4B","false","ATP4B","","P51164"
"925","0.890909090909091","LRP1","false","LRP1","Q07954","Q07954"
"926","0.871583514099783","SLC25A23","false","SLC25A23","Q9BV35",""
"927","0.0464454976303318","PAFAH1B2","false","PAFAH1B2","P68402","P68402"
"928","0.00450255102040816","RACGAP1","false","RACGAP1","Q9H0H5","Q9H0H5"
"929","0.512418300653595","AMBRA1","false","AMBRA1","Q9C0C7","Q9C0C7"
"930","0.347415066469719","NGFR","false","NGFR","P08138","P08138"
"931","0.729302325581395","NAGA","false","NAGA","A0A024R1Q5","A0A024R1Q5"
"932","0.00450255102040816","ACTB","false","ACTB","P60709","P60709"
"933","1.0","SFXN5","false","SFXN5","Q8TD22",""
"934","1.0","TRABD","false","TRABD","Q9H4I3",""
"935","0.472922252010724","RAVER1","false","RAVER1","E9PAU2","E9PAU2"
"936","0.118787878787879","HIVEP2","false","HIVEP2","P31629",""
"937","0.979001019367992","HEPACAM2","false","HEPACAM2","A8MVW5",""
"938","0.00450255102040816","TERF2","false","TERF2","Q15554","Q15554"
"939","0.282692307692308","KRT15","false","KRT15","P19012","P19012"
"940","0.118787878787879","KRT1","false","KRT1","P04264","P04264"
"941","0.0854030501089325","PLXNA3","false","PLXNA3","P51805","P51805"
"942","0.303875968992248","PLXNA2","false","PLXNA2","O75051","O75051"
"943","1.0","ELMO2","false","ELMO2","Q96JJ3","Q96JJ3"
"944","0.00450255102040816","BAIAP2","false","BAIAP2","Q9UQB8","Q9UQB8"
"945","0.00450255102040816","NFKBIB","false","NFKBIB","Q15653","Q15653"
"946","0.00450255102040816","NFKB2","false","NFKB2","Q00653","Q00653"
"947","0.00450255102040816","LRPPRC","false","LRPPRC","P42704","P42704"
"948","0.00450255102040816","UBC","false","UBC","P0CG48","P0CG48"
"949","0.00450255102040816","RAC1","false","RAC1","P63000","P63000"
"950","0.0464454976303318","PIAS1","false","PIAS1","O75925","O75925"
"951","0.325188536953243","GTF2IRD1","false","GTF2IRD1","Q9UHL9","Q9UHL9"
"952","0.871583514099783","ERCC5","false","ERCC5","P28715","P28715"
"953","0.793700787401575","XPC","false","XPC","Q01831",""
"954","1.0","TUFM","false","TUFM","","P49411"
"955","0.00450255102040816","EPS8L1","false","EPS8L1","Q8TE68",""
"956","0.23573883161512","PIK3C2G","false","PIK3C2G","O75747","O75747"
"957","0.746020761245675","BACH2","false","BACH2","","Q9BYV9"
"958","0.151059730250482","PRPF8","false","PRPF8","Q6P2Q9","Q6P2Q9"
"959","1.0","ZBTB7B","false","ZBTB7B","O15156",""
"960","0.0464454976303318","FAM110B","false","FAM110B","Q8TC76",""
"961","0.182835820895522","PTPN11","false","PTPN11","Q06124","Q06124"
"962","0.00450255102040816","FGFR2","false","FGFR2","P21802","P21802"
"963","0.00450255102040816","ERBB3","false","ERBB3","P21860","P21860"
"964","0.00450255102040816","XIAP","false","XIAP","P98170","P98170"
"965","0.00450255102040816","PTEN","false","PTEN","F6KD01","F6KD01"
"966","0.182835820895522","BAG6","false","BAG6","P46379","P46379"
"967","0.00450255102040816","ZNF175","false","ZNF175","Q9Y473","Q9Y473"
"968","0.151059730250482","PPL","false","PPL","","O60437"
"969","0.569191919191919","CAMSAP1","false","CAMSAP1","Q5T5Y3","Q5T5Y3"
"970","0.492592592592593","RBM27","false","RBM27","","Q9P2N5"
"971","0.00450255102040816","ZFC3H1","false","ZFC3H1","O60293","O60293"
"972","0.118787878787879","SH3BP4","false","SH3BP4","Q9P0V3","Q9P0V3"
"973","0.00450255102040816","HK2","false","HK2","P52789","P52789"
"974","0.258745874587459","GAN","false","GAN","A0A0S2Z4W2","A0A0S2Z4W2"
"975","0.967901234567901","ARHGEF7","false","ARHGEF7","Q14155","Q14155"
"976","0.00450255102040816","ANK3","false","ANK3","Q12955","Q12955"
"977","0.0464454976303318","SCN5A","false","SCN5A","E9PG18","Q14524"
"978","0.209625668449198","FAN1","false","FAN1","Q9Y2M0","Q9Y2M0"
"979","0.589473684210526","MLH3","false","MLH3","Q9UHC1",""
"980","0.325188536953243","MDC1","false","MDC1","Q14676","Q14676"
"981","0.666019417475728","ESAM","false","ESAM","Q96AP7",""
"982","0.00450255102040816","PLEKHA5","false","PLEKHA5","Q9HAU0",""
"983","0.00450255102040816","RHOD","false","RHOD","O00212","O00212"
"984","0.00450255102040816","RASGRF2","false","RASGRF2","O14827","O14827"
"985","0.00450255102040816","TAB1","false","TAB1","Q15750","Q15750"
"986","0.0854030501089325","ZNF576","false","ZNF576","","A0A024R0T0"
"987","0.430769230769231","POGZ","false","POGZ","Q7Z3K3","Q7Z3K3"
"988","0.777777777777778","PSME1","false","PSME1","A0A0K0K1L8","A0A0K0K1L8"
"989","0.00450255102040816","XRCC5","false","XRCC5","P13010","P13010"
"990","0.118787878787879","SF3B3","false","SF3B3","Q15393","Q15393"
"991","0.954611398963731","GAD1","false","GAD1","A0A0S2Z3V5","A0A0S2Z3V5"
"992","0.387023977433004","IL3RA","false","IL3RA","P26951","P26951"
"993","0.387023977433004","PRKACB","false","PRKACB","B2RB89","B2RB89"
"994","1.0","TSEN2","false","TSEN2","Q8NCE0",""
"995","1.0","TRIM41","false","TRIM41","Q8WV44","Q8WV44"
"996","0.00450255102040816","HERC2","false","HERC2","O95714","O95714"
"997","0.0464454976303318","COPG1","false","COPG1","Q9Y678","Q9Y678"
"998","0.765097588978186","ZNF638","false","ZNF638","Q14966","Q14966"
"999","0.00450255102040816","MAST3","false","MAST3","O60307","O60307"
"1000","0.00450255102040816","SIPA1L1","false","SIPA1L1","","O43166"
"1001","0.00450255102040816","PTPRS","false","PTPRS","Q13332","Q13332"
"1002","0.00450255102040816","KAT5","false","KAT5","Q92993","Q92993"
"1003","0.0464454976303318","DNMT3A","false","DNMT3A","Q9Y6K1","Q9Y6K1"
"1004","0.00450255102040816","INPP5E","false","INPP5E","Q9NRR6","Q9NRR6"
"1005","0.00450255102040816","CBY1","false","CBY1","A0A024R1L9","A0A024R1L9"
"1006","0.00450255102040816","WAS","false","WAS","A0A024QYX8","A0A024QYX8"
"1007","1.0","CTDSPL2","false","CTDSPL2","","A0A024R5Q8"
"1008","0.00450255102040816","RANBP2","false","RANBP2","P49792","P49792"
"1009","0.00450255102040816","SPG7","false","SPG7","","Q9UQ90"
"1010","0.00450255102040816","LZTS1","false","LZTS1","Q9Y250","Q9Y250"
"1011","0.848390677025527","SMARCC1","false","SMARCC1","Q92922","Q92922"
"1012","0.945073375262054","C1R","false","C1R","P00736","P00736"
"1013","0.347415066469719","ZNF254","false","ZNF254","","F5H2M4"
"1014","0.0464454976303318","ZNF268","false","ZNF268","","Q14587"
"1015","0.00450255102040816","CHD4","false","CHD4","Q14839","Q14839"
"1016","0.118787878787879","RORA","false","RORA","","A0A0C4DG53"
"1017","0.325188536953243","PRDM6","false","PRDM6","Q9NQX0","Q9NQX0"
"1018","0.00450255102040816","ACSM5","false","ACSM5","","Q6NUN0"
"1019","0.00450255102040816","EP300","false","EP300","Q09472","Q09472"
"1020","0.151059730250482","PIAS3","false","PIAS3","","Q9Y6X2"
"1021","0.00450255102040816","CCT3","false","CCT3","P49368","P49368"
"1022","0.00450255102040816","TRIM28","false","TRIM28","Q13263",""
"1023","0.258745874587459","CEP250","false","CEP250","Q9BV73","Q9BV73"
"1024","0.118787878787879","CNTLN","false","CNTLN","Q9NXG0",""
"1025","0.00450255102040816","TFIP11","false","TFIP11","A0A024R1I7","A0A024R1I7"
"1026","0.23573883161512","PCM1","false","PCM1","Q15154",""
"1027","1.0","CA3","false","CA3","","P07451"
"1028","0.0854030501089325","TCF12","false","TCF12","Q99081","Q99081"
"1029","1.0","TAF4","false","TAF4","O00268",""
"1030","0.00450255102040816","CTR9","false","CTR9","","Q6PD62"
"1031","1.0","ELL2","false","ELL2","O00472",""
"1032","0.00450255102040816","CCDC57","false","CCDC57","Q2TAC2","Q2TAC2"
"1033","0.00450255102040816","LENG1","false","LENG1","Q96BZ8","Q96BZ8"
"1034","0.0464454976303318","SMAD6","false","SMAD6","O43541","O43541"
"1035","0.00450255102040816","MAVS","false","MAVS","Q7Z434","Q7Z434"
"1036","0.282692307692308","MARCH5","false","MARCH5","Q9NX47",""
"1037","0.303875968992248","GANAB","false","GANAB","F5H6X6","F5H6X6"
"1038","0.718203309692671","NOX5","false","NOX5","","Q96PH1"
"1039","0.182835820895522","RNF207","false","RNF207","","Q6ZRF8"
"1040","0.00450255102040816","NTRK1","false","NTRK1","P04629","P04629"
"1041","0.347415066469719","CYP3A4","false","CYP3A4","P08684","P08684"
"1042","1.0","UVSSA","false","UVSSA","Q2YD98",""
"1043","0.871583514099783","ASNA1","false","ASNA1","O43681","O43681"
"1044","1.0","POLE","false","POLE","","Q07864"
"1045","1.0","LIG1","false","LIG1","P18858",""
"1046","0.430769230769231","SON","false","SON","P18583","P18583"
"1047","0.00450255102040816","HSPA8","false","HSPA8","P11142","P11142"
"1048","1.0","CDH9","false","CDH9","","Q9ULB4"
"1049","0.00450255102040816","LAMA5","false","LAMA5","O15230","O15230"
"1050","0.00450255102040816","LAMB2","false","LAMB2","P55268","P55268"
"1051","0.00450255102040816","COPB2","false","COPB2","","P35606"
"1052","0.00450255102040816","NBAS","false","NBAS","A2RRP1","A2RRP1"
"1053","0.00450255102040816","ADH1B","false","ADH1B","V9HW50","P00325"
"1054","0.589473684210526","ACADVL","false","ACADVL","P49748","P49748"
"1055","1.0","ARFGEF2","false","ARFGEF2","","Q9Y6D5"
"1056","0.00450255102040816","PAF1","false","PAF1","A0A024R0H6","A0A024R0H6"
"1057","0.00450255102040816","SMAD4","false","SMAD4","A0A024R274","A0A024R274"
"1058","0.387023977433004","UHRF2","false","UHRF2","Q96PU4","Q96PU4"
"1059","0.905263157894737","TWF2","false","TWF2","Q6IBS0","Q6IBS0"
"1060","0.00450255102040816","KLF4","false","KLF4","O43474","O43474"
"1061","0.00450255102040816","EGR1","false","EGR1","P18146","P18146"
"1062","0.0464454976303318","PTPN13","false","PTPN13","Q12923","Q12923"
"1063","0.589473684210526","MYH11","false","MYH11","","A0A024QZJ4"
"1064","0.687303506650544","PPIB","false","PPIB","","P23284"
"1065","0.00450255102040816","COL7A1","false","COL7A1","Q02388","Q02388"
"1066","0.569191919191919","FCHO1","false","FCHO1","A0A0C3SFZ9","A0A0C3SFZ9"
"1067","0.00450255102040816","KIAA1549","false","KIAA1549","Q9HCM3","Q9HCM3"
"1068","0.552820512820513","PLXNA1","false","PLXNA1","","Q9UIW2"
"1069","1.0","GNAI3","false","GNAI3","P08754","P08754"
"1070","0.918423855165069","RGS20","false","RGS20","O76081",""
"1071","0.00450255102040816","SOS1","false","SOS1","Q07889","Q07889"
"1072","0.00450255102040816","TLN1","false","TLN1","Q9Y490","Q9Y490"
"1073","0.607940446650124","BANP","false","BANP","A0A0S2Z5C2","Q8N9N5"
"1074","0.00450255102040816","LGALS4","false","LGALS4","P56470",""
"1075","0.00450255102040816","CCDC13","false","CCDC13","","Q8IYE1"
"1076","0.00450255102040816","CAD","false","CAD","P27708","P27708"
"1077","1.0","RAD9A","false","RAD9A","Q99638",""
"1078","0.0464454976303318","SMARCA1","false","SMARCA1","P28370","P28370"
"1079","0.303875968992248","BAZ1B","false","BAZ1B","Q9UIG0",""
"1080","0.00450255102040816","ENKD1","false","ENKD1","Q9H0I2","Q9H0I2"
"1081","0.258745874587459","CDR2","false","CDR2","Q01850","Q01850"
"1082","0.812094064949608","HK1","false","HK1","A0A024QZK7","P19367"
"1083","0.387023977433004","KNOP1","false","KNOP1","Q1ED39","Q1ED39"
"1084","0.701670644391408","DHX38","false","DHX38","","Q92620"
"1085","0.118787878787879","PPP4C","false","PPP4C","A0A024R625","A0A024R625"
"1086","0.0854030501089325","MACF1","false","MACF1","Q9UPN3","Q9UPN3"
"1087","0.00450255102040816","DSG2","false","DSG2","Q14126","Q14126"
"1088","0.00450255102040816","DVL3","false","DVL3","","Q92997"
"1089","0.00450255102040816","CLK1","false","CLK1","P49759","P49759"
"1090","0.00450255102040816","FAM161A","false","FAM161A","Q3B820","Q3B820"
"1091","0.387023977433004","KIF15","false","KIF15","Q9NS87","Q9NS87"
"1092","0.303875968992248","KIF26A","false","KIF26A","Q9ULI4","Q9ULI4"
"1093","0.00450255102040816","KIF11","false","KIF11","P52732","P52732"
"1094","0.531782945736434","MAGEE1","false","MAGEE1","Q9HCI5","Q9HCI5"
"1095","0.00450255102040816","CSNK2A1","false","CSNK2A1","P68400","P68400"
"1096","0.00450255102040816","RXRA","false","RXRA","F1D8Q5","F1D8Q5"
"1097","0.00450255102040816","NCOA3","false","NCOA3","Q9Y6Q9","Q9Y6Q9"
"1098","0.00450255102040816","BCL9L","false","BCL9L","Q86UU0","Q86UU0"
"1099","1.0","MCM6","false","MCM6","Q14566","Q14566"
"1100","0.512418300653595","IL2RB","false","IL2RB","P14784","P14784"
"1101","0.209625668449198","LRRK1","false","LRRK1","Q38SD2","Q38SD2"
"1102","0.303875968992248","FLT4","false","FLT4","P35916","P35916"
"1103","0.387023977433004","UGT1A6","false","UGT1A6","P19224","P19224"
"1104","0.812094064949608","ITGA4","false","ITGA4","P13612","P13612"
"1105","0.118787878787879","ABCE1","false","ABCE1","P61221",""
"1106","0.569191919191919","WDR90","false","WDR90","","Q96KV7"
"1107","0.0464454976303318","CLUH","false","CLUH","O75153","O75153"
"1108","0.00450255102040816","SMURF2","false","SMURF2","Q9HAU4","Q9HAU4"
"1109","1.0","STAG2","false","STAG2","Q8N3U4","Q8N3U4"
"1110","1.0","BUB1","false","BUB1","O43683","O43683"
"1111","0.00450255102040816","ACTG1","false","ACTG1","P63261","P63261"
"1112","0.23573883161512","CD86","false","CD86","P42081","P42081"
"1113","0.00450255102040816","HUWE1","false","HUWE1","A0A024R9W5","A0A024R9W5"
"1114","0.00450255102040816","TP63","false","TP63","A0A0S2Z4N5","Q9H3D4"
"1115","0.569191919191919","TOB2","false","TOB2","","Q14106"
"1116","0.00450255102040816","MTOR","false","MTOR","P42345","P42345"
"1117","0.00450255102040816","ITSN1","false","ITSN1","Q15811","Q15811"
"1118","0.118787878787879","MYO9B","false","MYO9B","B0I1T6","B0I1T6"
"1119","0.967901234567901","PSMC4","false","PSMC4","A8K2M0","A8K2M0"
"1120","1.0","CDC27","false","CDC27","P30260","P30260"
"1121","0.00450255102040816","UBTF","false","UBTF","P17480","P17480"
"1122","0.0464454976303318","CD3EAP","false","CD3EAP","O15446",""
"1123","0.00450255102040816","COL4A2","false","COL4A2","A0A024RDW8","A0A024RDW8"
"1124","0.00450255102040816","MMP9","false","MMP9","P14780","P14780"
"1125","0.00450255102040816","CTNNA1","false","CTNNA1","P35221","P35221"
"1126","0.209625668449198","OSBP","false","OSBP","P22059","P22059"
"1127","0.979001019367992","MED20","false","MED20","Q9H944","Q9H944"
"1128","0.00450255102040816","GLYR1","false","GLYR1","Q49A26","Q49A26"
"1129","1.0","ACY3","false","ACY3","A0A024R5L2",""
"1130","0.472922252010724","CNOT6","false","CNOT6","","Q9ULM6"
"1131","0.258745874587459","GLA","false","GLA","P06280","P06280"
"1132","0.00450255102040816","YWHAB","false","YWHAB","P31946","P31946"
"1133","0.00450255102040816","FOXK1","false","FOXK1","P85037","P85037"
"1134","0.979001019367992","DDIT3","false","DDIT3","P35638","P35638"
"1135","1.0","DUSP8","false","DUSP8","Q13202","Q13202"
"1136","0.00450255102040816","SLX4","false","SLX4","Q8IY92","Q8IY92"
"1137","0.00450255102040816","RFC4","false","RFC4","","P35249"
"1138","0.118787878787879","ZW10","false","ZW10","O43264","O43264"
"1139","1.0","CENPE","false","CENPE","Q02224","Q02224"
"1140","1.0","INPP5D","false","INPP5D","Q92835","Q92835"
"1141","0.00450255102040816","RASGRF1","false","RASGRF1","Q13972","Q13972"
"1142","0.00450255102040816","PDE3B","false","PDE3B","Q13370","Q13370"
"1143","0.282692307692308","PDGFRB","false","PDGFRB","P09619","P09619"
"1144","0.930379746835443","PLD2","false","PLD2","O14939","O14939"
"1145","0.967901234567901","CHAT","false","CHAT","P28329","P28329"
"1146","0.00450255102040816","TP53","false","TP53","K7PPA8","K7PPA8"
"1147","0.00450255102040816","SMC2","false","SMC2","","A0A024R158"
"1148","1.0","NCAPH2","false","NCAPH2","Q6IBW4",""
"1149","0.777777777777778","CABIN1","false","CABIN1","A0A024R1E5","A0A024R1E5"
"1150","0.848390677025527","KCNA3","false","KCNA3","P22001","P22001"
"1151","0.00450255102040816","DSC1","false","DSC1","Q08554","Q08554"
"1152","0.0854030501089325","ATP6V1B2","false","ATP6V1B2","P21281","P21281"
"1153","0.00450255102040816","SMAD2","false","SMAD2","Q15796","Q15796"
"1154","0.00450255102040816","ZEB2","false","ZEB2","O60315","O60315"
"1155","0.00450255102040816","KPNA1","false","KPNA1","P52294","P52294"
"1156","0.00450255102040816","USP1","false","USP1","O94782","O94782"
"1157","0.00450255102040816","ANK2","false","ANK2","Q01484","Q01484"
"1158","0.00450255102040816","DNAJB1","false","DNAJB1","P25685","P25685"
"1159","0.209625668449198","TMED10","false","TMED10","P49755","P49755"
"1160","0.258745874587459","AGO3","false","AGO3","Q9H9G7","Q9H9G7"
"1161","0.325188536953243","ATP6V0D2","false","ATP6V0D2","Q8N8Y2",""
"1162","0.00450255102040816","ZBTB17","false","ZBTB17","Q13105","Q13105"
"1163","0.00450255102040816","HCFC1","false","HCFC1","P51610","P51610"
"1164","0.00450255102040816","ALAS1","false","ALAS1","P13196","P13196"
"1165","0.00450255102040816","EP400","false","EP400","Q96L91",""
"1166","0.00450255102040816","LMAN1","false","LMAN1","P49257","P49257"
"1167","0.0854030501089325","COPA","false","COPA","P53621","P53621"
"1168","0.00450255102040816","ABI1","false","ABI1","Q8IZP0","Q8IZP0"
"1169","0.408333333333333","POLR3A","false","POLR3A","O14802","O14802"
"1170","0.00450255102040816","PKP2","false","PKP2","Q99959","Q99959"
"1171","0.00450255102040816","LAMA1","false","LAMA1","","P25391"
"1172","0.00450255102040816","PDLIM4","false","PDLIM4","P50479","A0A0S2Z4N4"
"1173","0.00450255102040816","HNRNPK","false","HNRNPK","P61978","P61978"
"1174","0.0854030501089325","IVNS1ABP","false","IVNS1ABP","Q9Y6Y0","Q9Y6Y0"
"1175","0.209625668449198","TRIM62","false","TRIM62","Q9BVG3","Q9BVG3"
"1176","0.325188536953243","PCDHA3","false","PCDHA3","Q9Y5H8","Q9Y5H8"
"1177","0.00450255102040816","PCDHA6","false","PCDHA6","Q9UN73",""
"1178","0.00450255102040816","USP4","false","USP4","A0A024R2T0","A0A024R2T0"
"1179","0.00450255102040816","USP8","false","USP8","P40818","P40818"
"1180","0.347415066469719","APOBEC3C","false","APOBEC3C","Q9NRW3","Q9NRW3"
"1181","0.848390677025527","LHX2","false","LHX2","P50458",""
"1182","0.00450255102040816","PIK3R2","false","PIK3R2","O00459","O00459"
"1183","1.0","PIK3CD","false","PIK3CD","O00329","O00329"
"1184","0.00450255102040816","ZNF408","false","ZNF408","Q9H9D4","Q9H9D4"
"1185","0.00450255102040816","INSC","false","INSC","","Q1MX18"
"1186","0.0464454976303318","GPSM2","false","GPSM2","A0A024R0F8","A0A024R0F8"
"1187","0.00450255102040816","LRP2","false","LRP2","P98164","P98164"
"1188","0.00450255102040816","EIF3H","false","EIF3H","O15372","O15372"
"1189","0.871583514099783","PRRC2B","false","PRRC2B","Q5JSZ5",""
"1190","0.0464454976303318","WARS","false","WARS","P23381","P23381"
"1191","0.23573883161512","DNM1L","false","DNM1L","O00429","O00429"
"1192","0.00450255102040816","ERBB2","false","ERBB2","P04626","P04626"
"1193","0.552820512820513","SERPINA3","false","SERPINA3","A0A024R6P0",""
"1194","1.0","RRAGA","false","RRAGA","Q7L523","Q7L523"
"1195","0.00450255102040816","C1QTNF2","false","C1QTNF2","Q9BXJ5","Q9BXJ5"
"1196","0.00450255102040816","NCALD","false","NCALD","B2RB70",""
"1197","0.701670644391408","PSMC1","false","PSMC1","P62191","P62191"
"1198","0.209625668449198","PSMD12","false","PSMD12","A0A0S2Z489",""
"1199","0.00450255102040816","TTN","false","TTN","Q8WZ42","Q8WZ42"
"1200","0.00450255102040816","NEB","false","NEB","P20929","P20929"
"1201","0.00450255102040816","ALPPL2","false","ALPPL2","P10696","P10696"
"1202","0.00450255102040816","MAPRE2","false","MAPRE2","A0A024RC33","A0A024RC33"
"1203","0.00450255102040816","PCBP3","false","PCBP3","P57721","P57721"
"1204","0.871583514099783","DLD","false","DLD","A0A024R713",""
"1205","0.00450255102040816","LZTS2","false","LZTS2","Q9BRK4","Q9BRK4"
"1206","0.387023977433004","NEBL","false","NEBL","O76041",""
"1207","0.00450255102040816","RNF20","false","RNF20","","Q5VTR2"
"1208","0.00450255102040816","TRAIP","false","TRAIP","Q9BWF2","Q9BWF2"
"1209","0.00450255102040816","NOTCH1","false","NOTCH1","P46531","P46531"
"1210","0.00450255102040816","MOV10","false","MOV10","Q9HCE1","Q9HCE1"
"1211","0.00450255102040816","SUPT5H","false","SUPT5H","O00267","O00267"
"1212","0.0464454976303318","HTATSF1","false","HTATSF1","O43719","O43719"
"1213","0.0464454976303318","CEP290","false","CEP290","O15078","O15078"
"1214","1.0","PEG3","false","PEG3","Q9GZU2","Q9GZU2"
"1215","0.0464454976303318","SPTBN1","false","SPTBN1","Q01082","Q01082"
"1216","0.0464454976303318","SRRM2","false","SRRM2","Q9UQ35","Q9UQ35"
"1217","0.00450255102040816","RPS6KA1","false","RPS6KA1","Q15418","Q15418"
"1218","0.303875968992248","PHAX","false","PHAX","Q9H814",""
"1219","0.118787878787879","CLSTN1","false","CLSTN1","O94985","O94985"
"1220","0.00450255102040816","FBN1","false","FBN1","P35555","P35555"
"1221","0.00450255102040816","UBR5","false","UBR5","O95071",""
"1222","1.0","ITPR3","false","ITPR3","Q14573","Q14573"
"1223","0.00450255102040816","STX1A","false","STX1A","Q16623",""
"1224","0.00450255102040816","MAP3K3","false","MAP3K3","J3QRB6","Q99759"
"1225","0.00450255102040816","KMT2D","false","KMT2D","O14686","O14686"
"1226","0.0854030501089325","IARS","false","IARS","P41252","P41252"
"1227","0.871583514099783","OMA1","false","OMA1","","Q96E52"
"1228","0.871583514099783","FAM8A1","false","FAM8A1","Q9UBU6",""
"1229","0.0464454976303318","PFAS","false","PFAS","","O15067"
"1230","0.00450255102040816","TFE3","false","TFE3","A0A024QZ23","A0A024QZ23"
"1231","0.0854030501089325","WWTR1","false","WWTR1","Q9GZV5","Q9GZV5"
"1232","0.00450255102040816","JUP","false","JUP","P14923","P14923"
"1233","0.00450255102040816","CTNNB1","false","CTNNB1","P35222","P35222"
"1234","0.00450255102040816","CDC42","false","CDC42","P60953","P60953"
"1235","0.00450255102040816","FOXM1","false","FOXM1","","Q08050"
"1236","0.209625668449198","DARS","false","DARS","D3DP78","D3DP78"
"1237","0.23573883161512","OFD1","false","OFD1","O75665","O75665"
"1238","0.00450255102040816","ARHGEF4","false","ARHGEF4","Q9NR80","Q9NR80"
"1239","0.00450255102040816","OBSCN","false","OBSCN","Q5VST9","Q5VST9"
"1240","0.00450255102040816","ARAP3","false","ARAP3","Q8WWN8","Q8WWN8"
"1241","0.0464454976303318","COL4A3","false","COL4A3","Q01955","Q01955"
"1242","0.408333333333333","SART1","false","SART1","O43290","O43290"
"1243","0.151059730250482","TUBGCP2","false","TUBGCP2","","Q9BSJ2"
"1244","0.00450255102040816","DDB1","false","DDB1","Q16531","Q16531"
"1245","0.370348837209302","TGFBR3","false","TGFBR3","Q03167","Q03167"
"1246","0.00450255102040816","ENG","false","ENG","P17813","P17813"
"1247","0.0854030501089325","RPL10","false","RPL10","P27635","P27635"
"1248","0.00450255102040816","RPL5","false","RPL5","P46777","P46777"
"1249","1.0","RBM8A","false","RBM8A","Q9Y5S9","Q9Y5S9"
"1250","1.0","RNF14","false","RNF14","","Q9UBS8"
"1251","1.0","FAM46A","false","FAM46A","Q96IP4",""
"1252","1.0","GALNT9","false","GALNT9","","Q9HCQ5"
"1253","0.701670644391408","GCNT3","false","GCNT3","","A0A024R5T9"
"1254","0.00450255102040816","MUC12","false","MUC12","Q9UKN1",""
"1255","0.00450255102040816","ACSL6","false","ACSL6","Q9UKU0","Q9UKU0"
"1256","0.00450255102040816","ATM","false","ATM","A0A024R3C7","A0A024R3C7"
"1257","0.00450255102040816","CUL3","false","CUL3","A0A024R475","A0A024R475"
"1258","0.387023977433004","DAZAP1","false","DAZAP1","K7EQ55","K7EQ55"
"1259","0.472922252010724","EEF2","false","EEF2","P13639","P13639"
"1260","0.00450255102040816","LNX1","false","LNX1","Q8TBB1","Q8TBB1"
"1261","0.00450255102040816","OSGIN1","false","OSGIN1","Q9UJX0","Q9UJX0"
"1262","0.209625668449198","PES1","false","PES1","O00541","O00541"
"1263","0.00450255102040816","EIF3D","false","EIF3D","O15371","O15371"
"1264","1.0","GTPBP4","false","GTPBP4","","Q9BZE4"
"1265","0.00450255102040816","CUL1","false","CUL1","A0A090N7U0","A0A090N7U0"
"1266","0.00450255102040816","CAND1","false","CAND1","Q86VP6","Q86VP6"
